phase,global_request_id,call_index,worker_id,worker_sequence,barrier_release_ns,start_utc,start_ns,end_utc,end_ns,latency_ms,success,exception_type,exception_message,integrity_pass,integrity_failure_reason,returned_count,response_sha256,uid_order_sha256,evidence_hash,max_abs_score_difference_from_first_sequential,max_abs_ci_difference_from_first_sequential
concurrency_4,concurrency_4-w2-s001,51,2,1,22073741335745548,2026-07-20T13:40:55.633390Z,22073741343686104,2026-07-20T13:41:06.184850Z,22073751895109411,10551.423307,true,,,true,,100,5965ef06989d6bad783484365ed7fdbb87c43ee8f4fa50d5dbc08d7502b19cc3,873ddf5b0372a6f0c14430c95732f219e350a3ab66db1de0d1b1184385431128,e0e0729cf12576de9a6e1135ea747004ddb82105f2c17595c7d03c0f8f47be2a,5.30481338523181e-07,1.2204051017539186e-06
concurrency_4,concurrency_4-w0-s001,1,0,1,22073741335745548,2026-07-20T13:40:55.629733Z,22073741340030753,2026-07-20T13:41:06.251946Z,22073751962206326,10622.175573,true,,,true,,100,d094b7ecd4ed25b49e4b680df282c9c8c6ebd840eba17172fe505d8c0723d318,873ddf5b0372a6f0c14430c95732f219e350a3ab66db1de0d1b1184385431128,e0e0729cf12576de9a6e1135ea747004ddb82105f2c17595c7d03c0f8f47be2a,4.111905581583031e-07,1.421570777870862e-06
concurrency_4,concurrency_4-w3-s001,76,3,1,22073741335745548,2026-07-20T13:40:55.628442Z,22073741338724748,2026-07-20T13:41:06.298067Z,22073752008327061,10669.602313,true,,,true,,100,0faa8162fefdbd301f2354970779438fd3d086c226007e6c59f5948973f53461,873ddf5b0372a6f0c14430c95732f219e350a3ab66db1de0d1b1184385431128,e0e0729cf12576de9a6e1135ea747004ddb82105f2c17595c7d03c0f8f47be2a,4.886765964107198e-07,1.2891367078271543e-06
concurrency_4,concurrency_4-w1-s001,26,1,1,22073741335745548,2026-07-20T13:40:55.631666Z,22073741341959569,2026-07-20T13:41:06.320937Z,22073752031196510,10689.236941,true,,,true,,100,ccc1d8bfb6d50a7f943b983d91fe68c31f72e7a805159b46cfa9a7817c1a1c3d,873ddf5b0372a6f0c14430c95732f219e350a3ab66db1de0d1b1184385431128,e0e0729cf12576de9a6e1135ea747004ddb82105f2c17595c7d03c0f8f47be2a,7.390975952370482e-07,5.900859831875493e-07
concurrency_4,concurrency_4-w1-s002,27,1,2,22073741335745548,2026-07-20T13:41:06.378544Z,22073752088829084,2026-07-20T13:41:16.664453Z,22073762374712369,10285.883285,true,,,true,,100,55d90d3846fc2caf3fa22ec1282aa0a4fc8276ad1265e6588f85a69694d16a61,873ddf5b0372a6f0c14430c95732f219e350a3ab66db1de0d1b1184385431128,e0e0729cf12576de9a6e1135ea747004ddb82105f2c17595c7d03c0f8f47be2a,6.914779078215361e-07,1.0311603546586667e-06
concurrency_4,concurrency_4-w2-s002,52,2,2,22073741335745548,2026-07-20T13:41:06.326286Z,22073752036571754,2026-07-20T13:41:17.057825Z,22073762768083927,10731.512173,true,,,true,,100,cc9a647be71b6ba3efdc442e42064f731fda2a44d38c116a4f685a8195358c24,873ddf5b0372a6f0c14430c95732f219e350a3ab66db1de0d1b1184385431128,e0e0729cf12576de9a6e1135ea747004ddb82105f2c17595c7d03c0f8f47be2a,5.309469997549776e-07,9.71555709827765e-07
concurrency_4,concurrency_4-w0-s002,2,0,2,22073741335745548,2026-07-20T13:41:06.324999Z,22073752035273494,2026-07-20T13:41:17.333990Z,22073763044249439,11008.975945,true,,,true,,100,123f6a4d1fd27337690219c98d0e8ab9c30ea410b21a63f75e16e48a2a37202d,873ddf5b0372a6f0c14430c95732f219e350a3ab66db1de0d1b1184385431128,e0e0729cf12576de9a6e1135ea747004ddb82105f2c17595c7d03c0f8f47be2a,6.436661350583961e-07,6.198883056585114e-07
concurrency_4,concurrency_4-w3-s002,77,3,2,22073741335745548,2026-07-20T13:41:06.343326Z,22073752053609250,2026-07-20T13:41:17.452863Z,22073763163122857,11109.513607,true,,,true,,100,2ac36708a6b6369aa642a4e2782dc2a3e2d107e7cf40588d2aafa4d522776466,873ddf5b0372a6f0c14430c95732f219e350a3ab66db1de0d1b1184385431128,e0e0729cf12576de9a6e1135ea747004ddb82105f2c17595c7d03c0f8f47be2a,5.174428224230532e-07,9.00030136086194e-07
concurrency_4,concurrency_4-w1-s003,28,1,3,22073741335745548,2026-07-20T13:41:16.682795Z,22073762393077320,2026-07-20T13:41:26.715091Z,22073772425349782,10032.272462,true,,,true,,100,cc647a5d38c149d20955a02147a6d0399484f541b490b364e793c878ffc37d54,873ddf5b0372a6f0c14430c95732f219e350a3ab66db1de0d1b1184385431128,e0e0729cf12576de9a6e1135ea747004ddb82105f2c17595c7d03c0f8f47be2a,5.598179995680574e-07,7.510185241477174e-07
concurrency_4,concurrency_4-w0-s003,3,0,3,22073741335745548,2026-07-20T13:41:17.348992Z,22073763059274492,2026-07-20T13:41:27.774777Z,22073773485035973,10425.761481,true,,,true,,100,5cf424ee1ff67b21f38b4480e93e164ee9fc7ef694f020951ea6cd8b84b28c3a,873ddf5b0372a6f0c14430c95732f219e350a3ab66db1de0d1b1184385431128,e0e0729cf12576de9a6e1135ea747004ddb82105f2c17595c7d03c0f8f47be2a,7.092952728493529e-07,8.866190910339355e-07
concurrency_4,concurrency_4-w2-s003,53,2,3,22073741335745548,2026-07-20T13:41:17.092439Z,22073762802724451,2026-07-20T13:41:27.831008Z,22073773541265848,10738.541397,true,,,true,,100,785415d27ee105266903e88394c885dc311de9c486a526c02e27ddb4ac600bb2,873ddf5b0372a6f0c14430c95732f219e350a3ab66db1de0d1b1184385431128,e0e0729cf12576de9a6e1135ea747004ddb82105f2c17595c7d03c0f8f47be2a,6.497430149465799e-07,1.6301870345847291e-06
concurrency_4,concurrency_4-w3-s003,78,3,3,22073741335745548,2026-07-20T13:41:17.461888Z,22073763172179491,2026-07-20T13:41:28.489687Z,22073774199946340,11027.766849,true,,,true,,100,7230cb5dbed6aeefb76931d523cd4a1c481314912ef180d73323d211a4e5e47a,873ddf5b0372a6f0c14430c95732f219e350a3ab66db1de0d1b1184385431128,e0e0729cf12576de9a6e1135ea747004ddb82105f2c17595c7d03c0f8f47be2a,5.94556331612317e-07,1.2993812561479245e-06
concurrency_4,concurrency_4-w1-s004,29,1,4,22073741335745548,2026-07-20T13:41:26.742928Z,22073772453212766,2026-07-20T13:41:37.583118Z,22073783293377318,10840.164552,true,,,true,,100,409f9d7b6466228f6e9f21c0f7a04a050c7cba1a78e1271272feaa6c1fcf15d7,873ddf5b0372a6f0c14430c95732f219e350a3ab66db1de0d1b1184385431128,e0e0729cf12576de9a6e1135ea747004ddb82105f2c17595c7d03c0f8f47be2a,8.237082511630689e-07,1.8205493688139285e-06
concurrency_4,concurrency_4-w2-s004,54,2,4,22073741335745548,2026-07-20T13:41:27.852935Z,22073773563226517,2026-07-20T13:41:38.034132Z,22073783744390250,10181.163733,true,,,true,,100,a5d9f3209f4eb76fb7db20bb01af001eb5d0d4f837a49fc8976399343c2d1e96,873ddf5b0372a6f0c14430c95732f219e350a3ab66db1de0d1b1184385431128,e0e0729cf12576de9a6e1135ea747004ddb82105f2c17595c7d03c0f8f47be2a,5.662441253662109e-07,1.1652708053477845e-06
concurrency_4,concurrency_4-w3-s004,79,3,4,22073741335745548,2026-07-20T13:41:28.518215Z,22073774228499361,2026-07-20T13:41:38.534456Z,22073784244715792,10016.216431,true,,,true,,100,f93b355d3c0e034cfe581acd239c406eccaad81a35002b361d3bda77ac5afdc1,873ddf5b0372a6f0c14430c95732f219e350a3ab66db1de0d1b1184385431128,e0e0729cf12576de9a6e1135ea747004ddb82105f2c17595c7d03c0f8f47be2a,7.034337613509578e-07,7.435679436063047e-07
concurrency_4,concurrency_4-w0-s004,4,0,4,22073741335745548,2026-07-20T13:41:27.790205Z,22073773500491845,2026-07-20T13:41:38.770120Z,22073784480378508,10979.886663,true,,,true,,100,c2f87b7990e64e7d0c18380cf5c92f251650d238adbf494d036ddd43f429c335,873ddf5b0372a6f0c14430c95732f219e350a3ab66db1de0d1b1184385431128,e0e0729cf12576de9a6e1135ea747004ddb82105f2c17595c7d03c0f8f47be2a,6.854534149169922e-07,1.1965632438215579e-06
concurrency_4,concurrency_4-w1-s005,30,1,5,22073741335745548,2026-07-20T13:41:37.592777Z,22073783303060309,2026-07-20T13:41:47.811362Z,22073793521619957,10218.559648,true,,,true,,100,67435f58d09daa7c9af06eeea1a4b02ebd2e32fb293bd0d3b3d1e68b372165ed,873ddf5b0372a6f0c14430c95732f219e350a3ab66db1de0d1b1184385431128,e0e0729cf12576de9a6e1135ea747004ddb82105f2c17595c7d03c0f8f47be2a,6.914138794833491e-07,1.2993812560924134e-06
concurrency_4,concurrency_4-w2-s005,55,2,5,22073741335745548,2026-07-20T13:41:38.063673Z,22073783773959671,2026-07-20T13:41:48.344204Z,22073794054459171,10280.4995,true,,,true,,100,aece0edcbba9ed8d9394a3aeaf89b87047a5578dc1d0c5652d97ef84ad622757,873ddf5b0372a6f0c14430c95732f219e350a3ab66db1de0d1b1184385431128,e0e0729cf12576de9a6e1135ea747004ddb82105f2c17595c7d03c0f8f47be2a,7.629394531694089e-07,1.1086463928000612e-06
concurrency_4,concurrency_4-w3-s005,80,3,5,22073741335745548,2026-07-20T13:41:38.578937Z,22073784289228571,2026-07-20T13:41:49.624596Z,22073795334853673,11045.625102,true,,,true,,100,99325323a0ce25c906a64a58e8891a17ca2800613d619debdc7582943002dbe7,873ddf5b0372a6f0c14430c95732f219e350a3ab66db1de0d1b1184385431128,e0e0729cf12576de9a6e1135ea747004ddb82105f2c17595c7d03c0f8f47be2a,6.139356628631631e-07,1.0013580322709714e-06
concurrency_4,concurrency_4-w0-s005,5,0,5,22073741335745548,2026-07-20T13:41:38.801099Z,22073784511380581,2026-07-20T13:41:50.022127Z,22073795732386428,11221.005847,true,,,true,,100,b58c27241e8a8bf74962b5f0fde143885e80a2d505743c221f6309d70d6cf3b4,873ddf5b0372a6f0c14430c95732f219e350a3ab66db1de0d1b1184385431128,e0e0729cf12576de9a6e1135ea747004ddb82105f2c17595c7d03c0f8f47be2a,1.0132789611816406e-06,1.3887882232554993e-06
concurrency_4,concurrency_4-w1-s006,31,1,6,22073741335745548,2026-07-20T13:41:47.817990Z,22073793528270768,2026-07-20T13:41:58.997571Z,22073804707827021,11179.556253,true,,,true,,100,5459dffa6d79cdd5b4d885de9fc692419f14d6e2f0d765907f609451fcbe1762,873ddf5b0372a6f0c14430c95732f219e350a3ab66db1de0d1b1184385431128,e0e0729cf12576de9a6e1135ea747004ddb82105f2c17595c7d03c0f8f47be2a,7.210357581000082e-07,1.5780329704062623e-06
concurrency_4,concurrency_4-w2-s006,56,2,6,22073741335745548,2026-07-20T13:41:48.374696Z,22073794084979989,2026-07-20T13:41:59.254664Z,22073804964921698,10879.941709,true,,,true,,100,c72cb1186aff054e2e1b87f24b04ae87d91033b675c65e96d12180792ecc9cc7,873ddf5b0372a6f0c14430c95732f219e350a3ab66db1de0d1b1184385431128,e0e0729cf12576de9a6e1135ea747004ddb82105f2c17595c7d03c0f8f47be2a,6.139278411199101e-07,9.99867916073871e-07
concurrency_4,concurrency_4-w0-s006,6,0,6,22073741335745548,2026-07-20T13:41:50.037830Z,22073795748113729,2026-07-20T13:42:00.518352Z,22073806228609253,10480.495524,true,,,true,,100,b08f74352ccb921a1e03bcd683a1413dcaad6ef1c6fe039af77e9740ea1a4d8a,873ddf5b0372a6f0c14430c95732f219e350a3ab66db1de0d1b1184385431128,e0e0729cf12576de9a6e1135ea747004ddb82105f2c17595c7d03c0f8f47be2a,6.197486072112568e-07,1.4171004295016054e-06
concurrency_4,concurrency_4-w3-s006,81,3,6,22073741335745548,2026-07-20T13:41:49.631076Z,22073795341358710,2026-07-20T13:42:01.234644Z,22073806944900657,11603.541947,true,,,true,,100,236f3b83a2c1c1d8b9065bb7516f24c367d5bd0675adfed36c5ba345400ebb46,873ddf5b0372a6f0c14430c95732f219e350a3ab66db1de0d1b1184385431128,e0e0729cf12576de9a6e1135ea747004ddb82105f2c17595c7d03c0f8f47be2a,8.821487427201902e-07,6.183981895446777e-07
concurrency_4,concurrency_4-w1-s007,32,1,7,22073741335745548,2026-07-20T13:41:59.005787Z,22073804716072660,2026-07-20T13:42:10.521066Z,22073816231322537,11515.249877,true,,,true,,100,36d31809a4c4243735214ba4d82ecf6b76c3b324d5e430db316a81c3d5d7dbf3,873ddf5b0372a6f0c14430c95732f219e350a3ab66db1de0d1b1184385431128,e0e0729cf12576de9a6e1135ea747004ddb82105f2c17595c7d03c0f8f47be2a,4.6477653081744563e-07,1.0712072253116212e-06
concurrency_4,concurrency_4-w2-s007,57,2,7,22073741335745548,2026-07-20T13:41:59.264331Z,22073804974613635,2026-07-20T13:42:10.805099Z,22073816515356191,11540.742556,true,,,true,,100,0cd204dd53023c1c76dca1c90c4550a3a33de780cfee614dd7625d14b79c9491,873ddf5b0372a6f0c14430c95732f219e350a3ab66db1de0d1b1184385431128,e0e0729cf12576de9a6e1135ea747004ddb82105f2c17595c7d03c0f8f47be2a,6.146728992462158e-07,8.344650268554688e-07
concurrency_4,concurrency_4-w0-s007,7,0,7,22073741335745548,2026-07-20T13:42:00.531370Z,22073806241685341,2026-07-20T13:42:10.854406Z,22073816564664980,10322.979639,true,,,true,,100,45feaff1e145fec297e2e5661f5d1ad7488a9423e8de1ec7235a9165aec9b3f0,873ddf5b0372a6f0c14430c95732f219e350a3ab66db1de0d1b1184385431128,e0e0729cf12576de9a6e1135ea747004ddb82105f2c17595c7d03c0f8f47be2a,5.898007657823001e-07,1.24275684354469e-06
concurrency_4,concurrency_4-w3-s007,82,3,7,22073741335745548,2026-07-20T13:42:01.244452Z,22073806954732527,2026-07-20T13:42:12.167373Z,22073817877630712,10922.898185,true,,,true,,100,0f36c1e6f84a77080dd8f2c0af4d02e62b48690d4c79ec844968633f613a5c1e,873ddf5b0372a6f0c14430c95732f219e350a3ab66db1de0d1b1184385431128,e0e0729cf12576de9a6e1135ea747004ddb82105f2c17595c7d03c0f8f47be2a,4.7090579757824713e-07,1.029670238489322e-06
concurrency_4,concurrency_4-w1-s008,33,1,8,22073741335745548,2026-07-20T13:42:10.534935Z,22073816245216401,2026-07-20T13:42:21.309723Z,22073827019980154,10774.763753,true,,,true,,100,cba004c9a38412747b3fd926535676fde55a6d6c3aacae8aedb062ecae4fc33a,873ddf5b0372a6f0c14430c95732f219e350a3ab66db1de0d1b1184385431128,e0e0729cf12576de9a6e1135ea747004ddb82105f2c17595c7d03c0f8f47be2a,9.238719940185547e-07,6.690621376093109e-07
concurrency_4,concurrency_4-w2-s008,58,2,8,22073741335745548,2026-07-20T13:42:10.813105Z,22073816523391353,2026-07-20T13:42:22.656615Z,22073828366873762,11843.482409,true,,,true,,100,1761f4b930b7f91166dc44523b0dae526232e7e31decbd6455056e9977863833,873ddf5b0372a6f0c14430c95732f219e350a3ab66db1de0d1b1184385431128,e0e0729cf12576de9a6e1135ea747004ddb82105f2c17595c7d03c0f8f47be2a,5.781650542768801e-07,1.2829899787569765e-06
concurrency_4,concurrency_4-w0-s008,8,0,8,22073741335745548,2026-07-20T13:42:10.864168Z,22073816574448790,2026-07-20T13:42:22.707206Z,22073828417464600,11843.01581,true,,,true,,100,447a4e84273c4286a46fafb8e9b72c70216b8ee29fe1a0ce4c1aec71de4a9548,873ddf5b0372a6f0c14430c95732f219e350a3ab66db1de0d1b1184385431128,e0e0729cf12576de9a6e1135ea747004ddb82105f2c17595c7d03c0f8f47be2a,5.616340786329665e-07,1.8462538718955201e-06
concurrency_4,concurrency_4-w3-s008,83,3,8,22073741335745548,2026-07-20T13:42:12.205101Z,22073817915386406,2026-07-20T13:42:23.334552Z,22073829044807122,11129.420716,true,,,true,,100,c22f8bb1ae625daef86357d7689857b2c0945c7afb0c7d9041387c372c055813,873ddf5b0372a6f0c14430c95732f219e350a3ab66db1de0d1b1184385431128,e0e0729cf12576de9a6e1135ea747004ddb82105f2c17595c7d03c0f8f47be2a,6.555754226145183e-07,9.477138519231598e-07
concurrency_4,concurrency_4-w1-s009,34,1,9,22073741335745548,2026-07-20T13:42:21.324642Z,22073827034924994,2026-07-20T13:42:34.511604Z,22073840221862667,13186.937673,true,,,true,,100,9f51d52b720f21551f6e0037db10a79a2b8c9001acca413162d77a302de93783,873ddf5b0372a6f0c14430c95732f219e350a3ab66db1de0d1b1184385431128,e0e0729cf12576de9a6e1135ea747004ddb82105f2c17595c7d03c0f8f47be2a,8.522707504177163e-07,8.404254913108034e-07
concurrency_4,concurrency_4-w2-s009,59,2,9,22073741335745548,2026-07-20T13:42:22.661841Z,22073828372119782,2026-07-20T13:42:35.849629Z,22073841559887625,13187.767843,true,,,true,,100,5fb5603e740449495278e201b700c5504a70f5dee3e547602ab6462e3e3b6f47,873ddf5b0372a6f0c14430c95732f219e350a3ab66db1de0d1b1184385431128,e0e0729cf12576de9a6e1135ea747004ddb82105f2c17595c7d03c0f8f47be2a,6.972230039981042e-07,1.2129545211569948e-06
concurrency_4,concurrency_4-w0-s009,9,0,9,22073741335745548,2026-07-20T13:42:22.713011Z,22073828423293095,2026-07-20T13:42:36.019615Z,22073841729872284,13306.579189,true,,,true,,100,17f72de2d3254669ae81470653d2aacfe5873d46094b424cbabc2c0a3a34e739,873ddf5b0372a6f0c14430c95732f219e350a3ab66db1de0d1b1184385431128,e0e0729cf12576de9a6e1135ea747004ddb82105f2c17595c7d03c0f8f47be2a,7.747323251816596e-07,8.225440978892884e-07
concurrency_4,concurrency_4-w3-s009,84,3,9,22073741335745548,2026-07-20T13:42:23.351204Z,22073829061492994,2026-07-20T13:42:36.510591Z,22073842220851108,13159.358114,true,,,true,,100,2f4ce0978be47a690a62deb3db856765a48e04cdfc322affef19353b7bef4749,873ddf5b0372a6f0c14430c95732f219e350a3ab66db1de0d1b1184385431128,e0e0729cf12576de9a6e1135ea747004ddb82105f2c17595c7d03c0f8f47be2a,7.211405318452435e-07,2.4899840354586367e-06
concurrency_4,concurrency_4-w1-s010,35,1,10,22073741335745548,2026-07-20T13:42:34.515690Z,22073840225969386,2026-07-20T13:42:45.203917Z,22073850914176372,10688.206986,true,,,true,,100,8c265f09e036c89b2d1f442f7974d5bff5696535f7593272e0b649ca0b523c86,873ddf5b0372a6f0c14430c95732f219e350a3ab66db1de0d1b1184385431128,e0e0729cf12576de9a6e1135ea747004ddb82105f2c17595c7d03c0f8f47be2a,5.245208739568241e-07,8.761882782648556e-07
concurrency_4,concurrency_4-w2-s010,60,2,10,22073741335745548,2026-07-20T13:42:35.864653Z,22073841574935427,2026-07-20T13:42:45.356102Z,22073851066360172,9491.424745,true,,,true,,100,162060e27cee3a5cd134544d09845e993f1cb06a7cf255588ad7bdf7b8956292,873ddf5b0372a6f0c14430c95732f219e350a3ab66db1de0d1b1184385431128,e0e0729cf12576de9a6e1135ea747004ddb82105f2c17595c7d03c0f8f47be2a,6.615358870698529e-07,1.232139766216278e-06
concurrency_4,concurrency_4-w3-s010,85,3,10,22073741335745548,2026-07-20T13:42:36.515364Z,22073842225646271,2026-07-20T13:42:46.925454Z,22073852635713587,10410.067316,true,,,true,,100,a49a007bae624d1c114e1cf7793fd1ecbc2c7f686f23aa6aa74deaca7686c54f,873ddf5b0372a6f0c14430c95732f219e350a3ab66db1de0d1b1184385431128,e0e0729cf12576de9a6e1135ea747004ddb82105f2c17595c7d03c0f8f47be2a,4.932284354275396e-07,1.5959143638277773e-06
concurrency_4,concurrency_4-w0-s010,10,0,10,22073741335745548,2026-07-20T13:42:36.026762Z,22073841737045326,2026-07-20T13:42:46.991785Z,22073852702043424,10964.998098,true,,,true,,100,bce5a0107f61de3951de5552ff2121135a4a982bddcecabd0011672146f0ba7e,873ddf5b0372a6f0c14430c95732f219e350a3ab66db1de0d1b1184385431128,e0e0729cf12576de9a6e1135ea747004ddb82105f2c17595c7d03c0f8f47be2a,7.212162017600221e-07,1.3262033462524414e-06
concurrency_4,concurrency_4-w2-s011,61,2,11,22073741335745548,2026-07-20T13:42:45.359004Z,22073851069284698,2026-07-20T13:42:56.338234Z,22073862048490408,10979.20571,true,,,true,,100,bea10e27a672d49d8a2085d7896531a2d4649a8db247fe16dd29eaf077ab3ca4,873ddf5b0372a6f0c14430c95732f219e350a3ab66db1de0d1b1184385431128,e0e0729cf12576de9a6e1135ea747004ddb82105f2c17595c7d03c0f8f47be2a,5.842477548423375e-07,1.28019601103313e-06
concurrency_4,concurrency_4-w1-s011,36,1,11,22073741335745548,2026-07-20T13:42:45.207926Z,22073850918208851,2026-07-20T13:42:56.539382Z,22073862249640094,11331.431243,true,,,true,,100,b2096200796c827d177f78d1d8acb9cdec9e530e7d58f347991cd554ec04410b,873ddf5b0372a6f0c14430c95732f219e350a3ab66db1de0d1b1184385431128,e0e0729cf12576de9a6e1135ea747004ddb82105f2c17595c7d03c0f8f47be2a,5.903653800265474e-07,2.0388513803926145e-06
concurrency_4,concurrency_4-w3-s011,86,3,11,22073741335745548,2026-07-20T13:42:46.928592Z,22073852638873276,2026-07-20T13:42:58.253210Z,22073863963465902,11324.592626,true,,,true,,100,58bbbf85833854e9a54e7854d3d3f57b2aad890646591ee837478a1c0e0d2f0d,873ddf5b0372a6f0c14430c95732f219e350a3ab66db1de0d1b1184385431128,e0e0729cf12576de9a6e1135ea747004ddb82105f2c17595c7d03c0f8f47be2a,7.045455276966095e-07,1.3470649719016237e-06
concurrency_4,concurrency_4-w0-s011,11,0,11,22073741335745548,2026-07-20T13:42:46.994624Z,22073852704906785,2026-07-20T13:42:58.359525Z,22073864069782330,11364.875545,true,,,true,,100,73fbffb9f8a759389d6fdcd64097253ef4151a508d29c2a0867d7b3353b9a1fe,873ddf5b0372a6f0c14430c95732f219e350a3ab66db1de0d1b1184385431128,e0e0729cf12576de9a6e1135ea747004ddb82105f2c17595c7d03c0f8f47be2a,6.795278749693878e-07,1.4424324035200442e-06
concurrency_4,concurrency_4-w1-s012,37,1,12,22073741335745548,2026-07-20T13:42:56.542297Z,22073862252577415,2026-07-20T13:43:07.886915Z,22073873597172585,11344.59517,true,,,true,,100,c4f41390b9374b39c67aecce8567267597440f30ce090628540294b037e9dded,873ddf5b0372a6f0c14430c95732f219e350a3ab66db1de0d1b1184385431128,e0e0729cf12576de9a6e1135ea747004ddb82105f2c17595c7d03c0f8f47be2a,6.363145075849452e-07,6.92903995513916e-07
concurrency_4,concurrency_4-w2-s012,62,2,12,22073741335745548,2026-07-20T13:42:56.341103Z,22073862051383255,2026-07-20T13:43:08.005829Z,22073873716082791,11664.699536,true,,,true,,100,132b665f51721c422c60145528d94bb62907ecf632db2c5f84e5a85d0a87bbd9,873ddf5b0372a6f0c14430c95732f219e350a3ab66db1de0d1b1184385431128,e0e0729cf12576de9a6e1135ea747004ddb82105f2c17595c7d03c0f8f47be2a,5.793292075506606e-07,1.2159347534124176e-06
concurrency_4,concurrency_4-w3-s012,87,3,12,22073741335745548,2026-07-20T13:42:58.256268Z,22073863966549627,2026-07-20T13:43:09.918399Z,22073875628657693,11662.108066,true,,,true,,100,4507aefa8cc228d1685fdd81fec41e3ea29840cab23e5186734ef661fe811a13,873ddf5b0372a6f0c14430c95732f219e350a3ab66db1de0d1b1184385431128,e0e0729cf12576de9a6e1135ea747004ddb82105f2c17595c7d03c0f8f47be2a,6.914953700754012e-07,1.0699033736738528e-06
concurrency_4,concurrency_4-w0-s012,12,0,12,22073741335745548,2026-07-20T13:42:58.362957Z,22073864073238666,2026-07-20T13:43:10.462766Z,22073876173021374,12099.782708,true,,,true,,100,7cbd65078df38a831da2ec89530fc643a38572669fdb1fcc06c9593c8f215710,873ddf5b0372a6f0c14430c95732f219e350a3ab66db1de0d1b1184385431128,e0e0729cf12576de9a6e1135ea747004ddb82105f2c17595c7d03c0f8f47be2a,5.542475265407631e-07,1.1041760444308046e-06
concurrency_4,concurrency_4-w1-s013,38,1,13,22073741335745548,2026-07-20T13:43:07.890693Z,22073873600976464,2026-07-20T13:43:18.844913Z,22073884555171909,10954.195445,true,,,true,,100,d801875bdec9225979ef4edf30b693c2be2fc77565cf0970a49f908769e63475,873ddf5b0372a6f0c14430c95732f219e350a3ab66db1de0d1b1184385431128,e0e0729cf12576de9a6e1135ea747004ddb82105f2c17595c7d03c0f8f47be2a,5.540670826587046e-07,8.702278137262542e-07
concurrency_4,concurrency_4-w2-s013,63,2,13,22073741335745548,2026-07-20T13:43:08.012190Z,22073873722472920,2026-07-20T13:43:19.441997Z,22073885152256124,11429.783204,true,,,true,,100,a74025224aaa5635b3a4bb2616030b5150e5ad50ba90778513c320b60c338109,873ddf5b0372a6f0c14430c95732f219e350a3ab66db1de0d1b1184385431128,e0e0729cf12576de9a6e1135ea747004ddb82105f2c17595c7d03c0f8f47be2a,7.212162018710444e-07,1.1563301086092714e-06
concurrency_4,concurrency_4-w3-s013,88,3,13,22073741335745548,2026-07-20T13:43:09.922253Z,22073875632529691,2026-07-20T13:43:21.128591Z,22073886838851440,11206.321749,true,,,true,,100,cb4fb2af1eafef46fd65a7d2e4bb3c53afb4cc39cdd2f02bd250d18a0f1ee0bc,873ddf5b0372a6f0c14430c95732f219e350a3ab66db1de0d1b1184385431128,e0e0729cf12576de9a6e1135ea747004ddb82105f2c17595c7d03c0f8f47be2a,5.304231308622676e-07,8.940696716308594e-07
concurrency_4,concurrency_4-w0-s013,13,0,13,22073741335745548,2026-07-20T13:43:10.467981Z,22073876178264519,2026-07-20T13:43:21.760550Z,22073887470807791,11292.543272,true,,,true,,100,b877f62838dccf355e76285b81e5d4fbcda2bdb8fa6b9d4f15f5092345d7a417,873ddf5b0372a6f0c14430c95732f219e350a3ab66db1de0d1b1184385431128,e0e0729cf12576de9a6e1135ea747004ddb82105f2c17595c7d03c0f8f47be2a,5.876645445823669e-07,8.881092071755248e-07
concurrency_4,concurrency_4-w1-s014,39,1,14,22073741335745548,2026-07-20T13:43:18.848476Z,22073884558757328,2026-07-20T13:43:28.890402Z,22073894600660383,10041.903055,true,,,true,,100,2c990a18a94b8058c8142ac091f169698574137606098a18920ae0424c77efaf,873ddf5b0372a6f0c14430c95732f219e350a3ab66db1de0d1b1184385431128,e0e0729cf12576de9a6e1135ea747004ddb82105f2c17595c7d03c0f8f47be2a,6.985384971014419e-07,1.093745231633969e-06
concurrency_4,concurrency_4-w2-s014,64,2,14,22073741335745548,2026-07-20T13:43:19.446861Z,22073885157142988,2026-07-20T13:43:29.736627Z,22073895446886324,10289.743336,true,,,true,,100,c99569592cb36ab2c515619d1ed1ac3fe6cc41129934fc61aed35dd6d6b605bd,873ddf5b0372a6f0c14430c95732f219e350a3ab66db1de0d1b1184385431128,e0e0729cf12576de9a6e1135ea747004ddb82105f2c17595c7d03c0f8f47be2a,6.207265840912912e-07,1.9043684005293215e-06
concurrency_4,concurrency_4-w0-s014,14,0,14,22073741335745548,2026-07-20T13:43:21.766121Z,22073887476409289,2026-07-20T13:43:32.022331Z,22073897732591439,10256.18215,true,,,true,,100,a85c59c5cd5e836fb98fcf7d9409d9951a7a02d8bb0e274252fd70c22c53455e,873ddf5b0372a6f0c14430c95732f219e350a3ab66db1de0d1b1184385431128,e0e0729cf12576de9a6e1135ea747004ddb82105f2c17595c7d03c0f8f47be2a,6.081070751395856e-07,1.385807991027832e-06
concurrency_4,concurrency_4-w3-s014,89,3,14,22073741335745548,2026-07-20T13:43:21.134166Z,22073886844448339,2026-07-20T13:43:32.128863Z,22073897839122283,10994.673944,true,,,true,,100,8cd2cba6cfdee96d39e2e5f11cd1e6d4b72270d55a42c248a1df3046c698bba6,873ddf5b0372a6f0c14430c95732f219e350a3ab66db1de0d1b1184385431128,e0e0729cf12576de9a6e1135ea747004ddb82105f2c17595c7d03c0f8f47be2a,7.644644938742395e-07,1.987442374229431e-06
concurrency_4,concurrency_4-w1-s015,40,1,15,22073741335745548,2026-07-20T13:43:28.894403Z,22073894604683214,2026-07-20T13:43:37.742382Z,22073903452640957,8847.957743,true,,,true,,100,29247f15daaaa64b7df52597cec1b068bc5b38164de7a6e299aad9d1ad8090fa,873ddf5b0372a6f0c14430c95732f219e350a3ab66db1de0d1b1184385431128,e0e0729cf12576de9a6e1135ea747004ddb82105f2c17595c7d03c0f8f47be2a,4.97326306025947e-07,2.2381544113048157e-06
concurrency_4,concurrency_4-w2-s015,65,2,15,22073741335745548,2026-07-20T13:43:29.739242Z,22073895449525333,2026-07-20T13:43:40.309594Z,22073906019853856,10570.328523,true,,,true,,100,a118d398df5928f34a4cedf5724b4fa4b7a816f7c74725589f537d70891d27a9,873ddf5b0372a6f0c14430c95732f219e350a3ab66db1de0d1b1184385431128,e0e0729cf12576de9a6e1135ea747004ddb82105f2c17595c7d03c0f8f47be2a,7.509137504024821e-07,1.960992813077045e-06
concurrency_4,concurrency_4-w0-s015,15,0,15,22073741335745548,2026-07-20T13:43:32.024299Z,22073897734570709,2026-07-20T13:43:42.327823Z,22073908038082313,10303.511604,true,,,true,,100,8d441cd2764386c2f89acf6cfe809916094126a7a904f74342edd4059791520d,873ddf5b0372a6f0c14430c95732f219e350a3ab66db1de0d1b1184385431128,e0e0729cf12576de9a6e1135ea747004ddb82105f2c17595c7d03c0f8f47be2a,7.925962564048206e-07,1.2159347534124176e-06
concurrency_4,concurrency_4-w3-s015,90,3,15,22073741335745548,2026-07-20T13:43:32.132998Z,22073897843279827,2026-07-20T13:43:42.764584Z,22073908474844043,10631.564216,true,,,true,,100,d96ec322f9bbc1cc8f509053ebe3c97d331b4e4105f71017d72fe563a6541294,873ddf5b0372a6f0c14430c95732f219e350a3ab66db1de0d1b1184385431128,e0e0729cf12576de9a6e1135ea747004ddb82105f2c17595c7d03c0f8f47be2a,7.212453057015011e-07,1.2889504432678223e-06
concurrency_4,concurrency_4-w1-s016,41,1,16,22073741335745548,2026-07-20T13:43:37.745252Z,22073903455532522,2026-07-20T13:43:48.276033Z,22073913986292288,10530.759766,true,,,true,,100,7196694c9741c8a0ceb2d9b194e8c993c2ce71a80e44050549b3fdc6ec703b78,873ddf5b0372a6f0c14430c95732f219e350a3ab66db1de0d1b1184385431128,e0e0729cf12576de9a6e1135ea747004ddb82105f2c17595c7d03c0f8f47be2a,5.537411198464071e-07,1.0147690772677187e-06
concurrency_4,concurrency_4-w2-s016,66,2,16,22073741335745548,2026-07-20T13:43:40.314584Z,22073906024864763,2026-07-20T13:43:50.506035Z,22073916216293861,10191.429098,true,,,true,,100,ed7a7c785e87a2f4b1af5c7ff463f5900d573487de8f92e6381761ea46a2633d,873ddf5b0372a6f0c14430c95732f219e350a3ab66db1de0d1b1184385431128,e0e0729cf12576de9a6e1135ea747004ddb82105f2c17595c7d03c0f8f47be2a,7.80884874984622e-07,1.4081597328186035e-06
concurrency_4,concurrency_4-w0-s016,16,0,16,22073741335745548,2026-07-20T13:43:42.331963Z,22073908042241439,2026-07-20T13:43:53.512445Z,22073919222704483,11180.463044,true,,,true,,100,9030534ed74dd9949535a1109d8fbda56b18a7a72087759b5654e9de02bdbfc2,873ddf5b0372a6f0c14430c95732f219e350a3ab66db1de0d1b1184385431128,e0e0729cf12576de9a6e1135ea747004ddb82105f2c17595c7d03c0f8f47be2a,4.468776750865544e-07,1.664645969901013e-06
concurrency_4,concurrency_4-w3-s016,91,3,16,22073741335745548,2026-07-20T13:43:42.771677Z,22073908481958804,2026-07-20T13:43:54.295800Z,22073920006057711,11524.098907,true,,,true,,100,7d3b10c6a23f8873187671a26d62a0a76b04692dcb0ceab29a6a985aab2f9156,873ddf5b0372a6f0c14430c95732f219e350a3ab66db1de0d1b1184385431128,e0e0729cf12576de9a6e1135ea747004ddb82105f2c17595c7d03c0f8f47be2a,6.019719877015106e-07,1.2993812561479245e-06
concurrency_4,concurrency_4-w1-s017,42,1,17,22073741335745548,2026-07-20T13:43:48.280032Z,22073913990314407,2026-07-20T13:43:59.009493Z,22073924719751265,10729.436858,true,,,true,,100,a4f74af1de4642df16c6649907ec83b8a9e6ce3f5def080919507cf3706ed92d,873ddf5b0372a6f0c14430c95732f219e350a3ab66db1de0d1b1184385431128,e0e0729cf12576de9a6e1135ea747004ddb82105f2c17595c7d03c0f8f47be2a,6.806571036799269e-07,6.079673766645755e-07
concurrency_4,concurrency_4-w2-s017,67,2,17,22073741335745548,2026-07-20T13:43:50.511414Z,22073916221695272,2026-07-20T13:44:01.098222Z,22073926808479901,10586.784629,true,,,true,,100,9dcb1e4af30779697062b0df3e842ba2ea3efbeb176c2666eddfdc24d17ef4e7,873ddf5b0372a6f0c14430c95732f219e350a3ab66db1de0d1b1184385431128,e0e0729cf12576de9a6e1135ea747004ddb82105f2c17595c7d03c0f8f47be2a,8.046627044677734e-07,2.016127109483179e-06
concurrency_4,concurrency_4-w0-s017,17,0,17,22073741335745548,2026-07-20T13:43:53.515256Z,22073919225536465,2026-07-20T13:44:03.367840Z,22073929078100144,9852.563679,true,,,true,,100,1166ebfd3275eb785106c855048a456f4852fe52b495983e1f9fd6642af1dbeb,873ddf5b0372a6f0c14430c95732f219e350a3ab66db1de0d1b1184385431128,e0e0729cf12576de9a6e1135ea747004ddb82105f2c17595c7d03c0f8f47be2a,6.376940291374922e-07,1.403689384449347e-06
concurrency_4,concurrency_4-w3-s017,92,3,17,22073741335745548,2026-07-20T13:43:54.300677Z,22073920010961657,2026-07-20T13:44:05.361778Z,22073931072037408,11061.075751,true,,,true,,100,f8f2fdf0afd65797faba96c9f05b85a072b9d1bf76a17cf04710659002ebf26a,873ddf5b0372a6f0c14430c95732f219e350a3ab66db1de0d1b1184385431128,e0e0729cf12576de9a6e1135ea747004ddb82105f2c17595c7d03c0f8f47be2a,5.662965122388286e-07,1.3172626495139284e-06
concurrency_4,concurrency_4-w1-s018,43,1,18,22073741335745548,2026-07-20T13:43:59.013471Z,22073924723755971,2026-07-20T13:44:09.354431Z,22073935064690092,10340.934121,true,,,true,,100,f3d24d459a27802d96a09420b6326e805e078e9eb2be0575dda804fa87fab144,873ddf5b0372a6f0c14430c95732f219e350a3ab66db1de0d1b1184385431128,e0e0729cf12576de9a6e1135ea747004ddb82105f2c17595c7d03c0f8f47be2a,6.154179573170104e-07,1.0371208191140013e-06
concurrency_4,concurrency_4-w2-s018,68,2,18,22073741335745548,2026-07-20T13:44:01.101687Z,22073926811971312,2026-07-20T13:44:11.743749Z,22073937453998462,10642.02715,true,,,true,,100,f7d2819cf6f930d1bcc9b9cfa60f62211c486abcd36ffff0dfdbff03d1dd7581,873ddf5b0372a6f0c14430c95732f219e350a3ab66db1de0d1b1184385431128,e0e0729cf12576de9a6e1135ea747004ddb82105f2c17595c7d03c0f8f47be2a,6.19888305686267e-07,6.41122460343091e-07
concurrency_4,concurrency_4-w0-s018,18,0,18,22073741335745548,2026-07-20T13:44:03.371353Z,22073929081634617,2026-07-20T13:44:13.755225Z,22073939465483200,10383.848583,true,,,true,,100,d5f96a9540420faec1e7639f4194df2a8ea9792e89383021c7a109907b1d2ec1,873ddf5b0372a6f0c14430c95732f219e350a3ab66db1de0d1b1184385431128,e0e0729cf12576de9a6e1135ea747004ddb82105f2c17595c7d03c0f8f47be2a,6.972812115479954e-07,1.0848045349232116e-06
concurrency_4,concurrency_4-w3-s018,93,3,18,22073741335745548,2026-07-20T13:44:05.364763Z,22073931075046563,2026-07-20T13:44:15.783218Z,22073941493476907,10418.430344,true,,,true,,100,80a8f6ee28fb95c3e8385084818c79b1f52650c6accec0ab267c1d4e481debf5,873ddf5b0372a6f0c14430c95732f219e350a3ab66db1de0d1b1184385431128,e0e0729cf12576de9a6e1135ea747004ddb82105f2c17595c7d03c0f8f47be2a,8.999952115784637e-07,8.165836334061982e-07
concurrency_4,concurrency_4-w1-s019,44,1,19,22073741335745548,2026-07-20T13:44:09.360696Z,22073935070976756,2026-07-20T13:44:19.843637Z,22073945553896867,10482.920111,true,,,true,,100,a464d9cd1e6b56cb7fb673fdd0498264a7e34a78118deb08ac4f3fbdef69f85f,873ddf5b0372a6f0c14430c95732f219e350a3ab66db1de0d1b1184385431128,e0e0729cf12576de9a6e1135ea747004ddb82105f2c17595c7d03c0f8f47be2a,5.498877726495266e-07,1.2531876563692812e-06
concurrency_4,concurrency_4-w2-s019,69,2,19,22073741335745548,2026-07-20T13:44:11.746768Z,22073937457047291,2026-07-20T13:44:21.953131Z,22073947663390083,10206.342792,true,,,true,,100,8568b449df0dcf6cae23306bf804762055410e5ab5335258cf1f21f7012e5186,873ddf5b0372a6f0c14430c95732f219e350a3ab66db1de0d1b1184385431128,e0e0729cf12576de9a6e1135ea747004ddb82105f2c17595c7d03c0f8f47be2a,8.048024029427836e-07,1.8969178199323977e-06
concurrency_4,concurrency_4-w0-s019,19,0,19,22073741335745548,2026-07-20T13:44:13.758417Z,22073939468696259,2026-07-20T13:44:23.822569Z,22073949532827624,10064.131365,true,,,true,,100,11eb6cd8d5af0d5d6d42ac673aed0f57664476cc2b59e64a304e3add44f66486,873ddf5b0372a6f0c14430c95732f219e350a3ab66db1de0d1b1184385431128,e0e0729cf12576de9a6e1135ea747004ddb82105f2c17595c7d03c0f8f47be2a,6.078276783005876e-07,1.0371208191140013e-06
concurrency_4,concurrency_4-w3-s019,94,3,19,22073741335745548,2026-07-20T13:44:15.790418Z,22073941500699721,2026-07-20T13:44:25.857256Z,22073951567515402,10066.815681,true,,,true,,100,f8cf0a462dd89666acfb36bd22dae465179210a94c50634bf67e4c9494b000fc,873ddf5b0372a6f0c14430c95732f219e350a3ab66db1de0d1b1184385431128,e0e0729cf12576de9a6e1135ea747004ddb82105f2c17595c7d03c0f8f47be2a,6.853777450022136e-07,1.6115605831479307e-06
concurrency_4,concurrency_4-w1-s020,45,1,20,22073741335745548,2026-07-20T13:44:19.849451Z,22073945559732284,2026-07-20T13:44:30.403243Z,22073956113501684,10553.7694,true,,,true,,100,5bca12f94604741e841579b355ad60f1f9b38643f057dc0f50ede64790827e1a,873ddf5b0372a6f0c14430c95732f219e350a3ab66db1de0d1b1184385431128,e0e0729cf12576de9a6e1135ea747004ddb82105f2c17595c7d03c0f8f47be2a,6.73503382064844e-07,1.3507902622000856e-06
concurrency_4,concurrency_4-w2-s020,70,2,20,22073741335745548,2026-07-20T13:44:21.958665Z,22073947668945924,2026-07-20T13:44:32.112166Z,22073957822425315,10153.479391,true,,,true,,100,818a8eb377ea7abe3e261e157fe4dd5860f5fc6b4a0f684e3b1a9435a4f3ae7a,873ddf5b0372a6f0c14430c95732f219e350a3ab66db1de0d1b1184385431128,e0e0729cf12576de9a6e1135ea747004ddb82105f2c17595c7d03c0f8f47be2a,4.7392677515745163e-07,8.732080459539215e-07
concurrency_4,concurrency_4-w0-s020,20,0,20,22073741335745548,2026-07-20T13:44:23.825548Z,22073949535828624,2026-07-20T13:44:33.802443Z,22073959512702209,9976.873585,true,,,true,,100,ee44c16d168451426028d53a36150148d1be77b7122b272fe415625cd03fc333,873ddf5b0372a6f0c14430c95732f219e350a3ab66db1de0d1b1184385431128,e0e0729cf12576de9a6e1135ea747004ddb82105f2c17595c7d03c0f8f47be2a,6.736372597515583e-07,1.305341720547748e-06
concurrency_4,concurrency_4-w3-s020,95,3,20,22073741335745548,2026-07-20T13:44:25.862416Z,22073951572697130,2026-07-20T13:44:36.948591Z,22073962658850580,11086.15345,true,,,true,,100,d5dcfba15c16f37d3a8c8d8486f8d3e4da58d3d0cb472c3b21caf48bdc228b3c,873ddf5b0372a6f0c14430c95732f219e350a3ab66db1de0d1b1184385431128,e0e0729cf12576de9a6e1135ea747004ddb82105f2c17595c7d03c0f8f47be2a,5.006382707284374e-07,1.2546777725108704e-06
concurrency_4,concurrency_4-w1-s021,46,1,21,22073741335745548,2026-07-20T13:44:30.410873Z,22073956121154075,2026-07-20T13:44:40.912688Z,22073966622947695,10501.79362,true,,,true,,100,2f767e44e2101dcf106eb5c92a195ceb1bab4b767d6fd88fdd31d66b901d0c88,873ddf5b0372a6f0c14430c95732f219e350a3ab66db1de0d1b1184385431128,e0e0729cf12576de9a6e1135ea747004ddb82105f2c17595c7d03c0f8f47be2a,6.139278412309324e-07,2.141296863544806e-06
concurrency_4,concurrency_4-w2-s021,71,2,21,22073741335745548,2026-07-20T13:44:32.116718Z,22073957826998049,2026-07-20T13:44:41.968646Z,22073967678905700,9851.907651,true,,,true,,100,e2624f9b5ddc86e7b16ae4eb31c8963c3929e2d8d6b608adcd4e1527ecec7bf7,873ddf5b0372a6f0c14430c95732f219e350a3ab66db1de0d1b1184385431128,e0e0729cf12576de9a6e1135ea747004ddb82105f2c17595c7d03c0f8f47be2a,8.94122058503477e-07,1.3798475265169863e-06
concurrency_4,concurrency_4-w0-s021,21,0,21,22073741335745548,2026-07-20T13:44:33.805081Z,22073959515361898,2026-07-20T13:44:43.784692Z,22073969494951506,9979.589608,true,,,true,,100,7ce678f90394aad51baed5eff403aec0bfa418eb71c3c0bcb329275b1a3bdf94,873ddf5b0372a6f0c14430c95732f219e350a3ab66db1de0d1b1184385431128,e0e0729cf12576de9a6e1135ea747004ddb82105f2c17595c7d03c0f8f47be2a,1.0013580322709714e-06,1.2975186109986936e-06
concurrency_4,concurrency_4-w3-s021,96,3,21,22073741335745548,2026-07-20T13:44:36.953818Z,22073962664099925,2026-07-20T13:44:47.370833Z,22073973081091555,10416.99163,true,,,true,,100,6b2cd9d7444959e207276e212dadfc0e7c8bf59b8882676f9c13e07f314513a6,873ddf5b0372a6f0c14430c95732f219e350a3ab66db1de0d1b1184385431128,e0e0729cf12576de9a6e1135ea747004ddb82105f2c17595c7d03c0f8f47be2a,5.617737769969544e-07,9.030103683416169e-07
concurrency_4,concurrency_4-w1-s022,47,1,22,22073741335745548,2026-07-20T13:44:40.915335Z,22073966625619236,2026-07-20T13:44:51.718208Z,22073977428467392,10802.848156,true,,,true,,100,6608ecfca6f094010ea64d2afd3acdc1301e6df53a2aa54691cb0f6cb9279d10,873ddf5b0372a6f0c14430c95732f219e350a3ab66db1de0d1b1184385431128,e0e0729cf12576de9a6e1135ea747004ddb82105f2c17595c7d03c0f8f47be2a,6.73503382064844e-07,8.091330527815188e-07
concurrency_4,concurrency_4-w2-s022,72,2,22,22073741335745548,2026-07-20T13:44:41.971638Z,22073967681917810,2026-07-20T13:44:51.755882Z,22073977466141311,9784.223501,true,,,true,,100,4edef6a368e1242a7de0de47dec5d833543e12bf539b24e6192fe37164a4a4fd,873ddf5b0372a6f0c14430c95732f219e350a3ab66db1de0d1b1184385431128,e0e0729cf12576de9a6e1135ea747004ddb82105f2c17595c7d03c0f8f47be2a,6.156507879606643e-07,8.255243301447113e-07
concurrency_4,concurrency_4-w0-s022,22,0,22,22073741335745548,2026-07-20T13:44:43.789050Z,22073969499332529,2026-07-20T13:44:53.718934Z,22073979429192414,9929.859885,true,,,true,,100,6bf160c6bb83f2c2f701dd94c18d0dc8c55a36d420164ad2cfb37ea4dd2064ca,873ddf5b0372a6f0c14430c95732f219e350a3ab66db1de0d1b1184385431128,e0e0729cf12576de9a6e1135ea747004ddb82105f2c17595c7d03c0f8f47be2a,8.345698007117264e-07,1.6557052731069888e-06
concurrency_4,concurrency_4-w3-s022,97,3,22,22073741335745548,2026-07-20T13:44:47.377210Z,22073973087492524,2026-07-20T13:44:57.647043Z,22073983357301562,10269.809038,true,,,true,,100,18f36af60a4660151d5dd0490ce1309b30f3fc74beaa524077eec669bd1cda12,873ddf5b0372a6f0c14430c95732f219e350a3ab66db1de0d1b1184385431128,e0e0729cf12576de9a6e1135ea747004ddb82105f2c17595c7d03c0f8f47be2a,4.886533133685589e-07,1.1280179023631653e-06
concurrency_4,concurrency_4-w2-s023,73,2,23,22073741335745548,2026-07-20T13:44:51.759303Z,22073977469583690,2026-07-20T13:45:02.918683Z,22073988628942395,11159.358705,true,,,true,,100,c066301595c2929193318cac912a97cb8e72679acb30f3751dbdf07e0b2e5407,873ddf5b0372a6f0c14430c95732f219e350a3ab66db1de0d1b1184385431128,e0e0729cf12576de9a6e1135ea747004ddb82105f2c17595c7d03c0f8f47be2a,6.079673767755978e-07,8.121132850646973e-07
concurrency_4,concurrency_4-w1-s023,48,1,23,22073741335745548,2026-07-20T13:44:51.721706Z,22073977431987357,2026-07-20T13:45:03.197289Z,22073988907549090,11475.561733,true,,,true,,100,23b7f5679821aeb65db6bf8fee7e85390390b74bb975fc6ffe7e99c86cbcb9b9,873ddf5b0372a6f0c14430c95732f219e350a3ab66db1de0d1b1184385431128,e0e0729cf12576de9a6e1135ea747004ddb82105f2c17595c7d03c0f8f47be2a,5.602400051651912e-07,8.083879947662354e-07
concurrency_4,concurrency_4-w0-s023,23,0,23,22073741335745548,2026-07-20T13:44:53.726874Z,22073979437162412,2026-07-20T13:45:06.252877Z,22073991963135881,12525.973469,true,,,true,,100,df39015f08517e939af36e16bfc56030bfa0f673750766cf3918616f62a257e6,873ddf5b0372a6f0c14430c95732f219e350a3ab66db1de0d1b1184385431128,e0e0729cf12576de9a6e1135ea747004ddb82105f2c17595c7d03c0f8f47be2a,4.23192977883069e-07,8.881092071200136e-07
concurrency_4,concurrency_4-w3-s023,98,3,23,22073741335745548,2026-07-20T13:44:57.649690Z,22073983359970327,2026-07-20T13:45:09.756720Z,22073995466978185,12107.007858,true,,,true,,100,e3fca706900d2671a18b9a41c64b8d75dab67859d3ceb64aa3394e8464a9c942,873ddf5b0372a6f0c14430c95732f219e350a3ab66db1de0d1b1184385431128,e0e0729cf12576de9a6e1135ea747004ddb82105f2c17595c7d03c0f8f47be2a,4.1712773968249905e-07,9.549781679885072e-07
concurrency_4,concurrency_4-w2-s024,74,2,24,22073741335745548,2026-07-20T13:45:02.921501Z,22073988631780127,2026-07-20T13:45:15.580023Z,22074001290282377,12658.50225,true,,,true,,100,8aca835d01e8bb65b2297d94ba18d65185bda8226e256937294407b21f57f091,873ddf5b0372a6f0c14430c95732f219e350a3ab66db1de0d1b1184385431128,e0e0729cf12576de9a6e1135ea747004ddb82105f2c17595c7d03c0f8f47be2a,5.083624273760634e-07,1.0058283805847168e-06
concurrency_4,concurrency_4-w1-s024,49,1,24,22073741335745548,2026-07-20T13:45:03.200553Z,22073988910835416,2026-07-20T13:45:15.586821Z,22074001297079911,12386.244495,true,,,true,,100,aff9760a8df9e19a2c29b4a401994d5dee3103b05bf91a54fd359972a415026b,873ddf5b0372a6f0c14430c95732f219e350a3ab66db1de0d1b1184385431128,e0e0729cf12576de9a6e1135ea747004ddb82105f2c17595c7d03c0f8f47be2a,5.781650543879024e-07,1.9297003746032715e-06
concurrency_4,concurrency_4-w0-s024,24,0,24,22073741335745548,2026-07-20T13:45:06.256226Z,22073991966507577,2026-07-20T13:45:15.711403Z,22074001421661887,9455.15431,true,,,true,,100,52a734532db8c3faec60adc1d69548b724cb0f8cc82f090fbc892b3e12e7984e,873ddf5b0372a6f0c14430c95732f219e350a3ab66db1de0d1b1184385431128,e0e0729cf12576de9a6e1135ea747004ddb82105f2c17595c7d03c0f8f47be2a,6.913847755418701e-07,1.0848045349787228e-06
concurrency_4,concurrency_4-w3-s024,99,3,24,22073741335745548,2026-07-20T13:45:09.764984Z,22073995475265068,2026-07-20T13:45:19.588065Z,22074005298324067,9823.058999,true,,,true,,100,e7bbe77211d9275804d9715d15d0aa86231b0c75fad20a3fc7d713e1b65fb829,873ddf5b0372a6f0c14430c95732f219e350a3ab66db1de0d1b1184385431128,e0e0729cf12576de9a6e1135ea747004ddb82105f2c17595c7d03c0f8f47be2a,6.556801963597536e-07,8.881092071755248e-07
concurrency_4,concurrency_4-w1-s025,50,1,25,22073741335745548,2026-07-20T13:45:15.591360Z,22074001301642265,2026-07-20T13:45:26.232627Z,22074011942885291,10641.243026,true,,,true,,100,597eadaa6e07d0b422ccc2dbf0b36053d19c8aa4ad7612edea4241500afaf484,873ddf5b0372a6f0c14430c95732f219e350a3ab66db1de0d1b1184385431128,e0e0729cf12576de9a6e1135ea747004ddb82105f2c17595c7d03c0f8f47be2a,4.947185515691288e-07,1.800060272172388e-06
concurrency_4,concurrency_4-w0-s025,25,0,25,22073741335745548,2026-07-20T13:45:15.717244Z,22074001427525395,2026-07-20T13:45:26.369842Z,22074012080100003,10652.574608,true,,,true,,100,c05ebaa6b4398dece22aa6fa72b7dd4eb446abcda14d949e1e1800cf59229146,873ddf5b0372a6f0c14430c95732f219e350a3ab66db1de0d1b1184385431128,e0e0729cf12576de9a6e1135ea747004ddb82105f2c17595c7d03c0f8f47be2a,7.985450792835636e-07,1.4379620552062988e-06
concurrency_4,concurrency_4-w2-s025,75,2,25,22073741335745548,2026-07-20T13:45:15.583683Z,22074001293960189,2026-07-20T13:45:26.395525Z,22074012105786152,10811.825963,true,,,true,,100,a34ecb1962f8008ec439dca01ad34775cb1a5c0204b16fa777642f929581c98c,873ddf5b0372a6f0c14430c95732f219e350a3ab66db1de0d1b1184385431128,e0e0729cf12576de9a6e1135ea747004ddb82105f2c17595c7d03c0f8f47be2a,7.06349965184927e-07,1.5720725059509277e-06
concurrency_4,concurrency_4-w3-s025,100,3,25,22073741335745548,2026-07-20T13:45:19.590782Z,22074005301062273,2026-07-20T13:45:26.703057Z,22074012413317902,7112.255629,true,,,true,,100,65c3e143530d4f20b34be7f08236de8aaf5a69b0b42c8ac473756fd0067db63d,873ddf5b0372a6f0c14430c95732f219e350a3ab66db1de0d1b1184385431128,e0e0729cf12576de9a6e1135ea747004ddb82105f2c17595c7d03c0f8f47be2a,8.090952178796407e-07,1.5780329704062623e-06
