source_signature,row_count,organism_name,species_guess,TaxID,bacdive_status_original,bacdive_species_normalized,candidate_rescue_status,candidate_rescue_evidence,candidate_rescue_rule,candidate_rescued_bacdive_id,candidate_rescued_bacdive_species,candidate_rescue_source
proteome:UP000001108,150,Sinorhizobium medicae (strain WSM419) (Ensifer medicae),sinorhizobium medicae,366394,bacdive_species_candidate_unvalidated,,remains_candidate_unvalidated,"no rescue evidence found from parenthetical, taxid, or curated synonym rules",,,,
proteome:UP000001054,144,Sinorhizobium fredii (strain NBRC 101917 / NGR234),rhizobium fredii,394,bacdive_species_candidate_unvalidated,,remains_candidate_unvalidated,"no rescue evidence found from parenthetical, taxid, or curated synonym rules",,,,
proteome:UP000000813,309,Agrobacterium fabrum (strain C58 / ATCC 33970) (Agrobacterium tumefaciens (strain C58)),agrobacterium fabrum,176299,bacdive_species_candidate_unvalidated,,remains_candidate_unvalidated,"no rescue evidence found from parenthetical, taxid, or curated synonym rules",,,,
proteome:UP000002301,148,Brucella anthropi (strain ATCC 49188 / DSM 6882 / CCUG 24695 / JCM 21032 / LMG 3331 / NBRC 15819 / NCTC 12168 / Alc 37) (Ochrobactrum anthropi),brucella anthropi,439375,bacdive_species_candidate_unvalidated,,remains_candidate_unvalidated,"no rescue evidence found from parenthetical, taxid, or curated synonym rules",,,,
proteome:UP000008545,155,Brucella suis (strain ATCC 23445 / NCTC 10510),brucella suis,470137,bacdive_species_candidate_unvalidated,,rescued_to_validated_species,Source species matches BacDive species after strain-level resolution; BacDive returns multiple Brucella species but source species is among them,5.3_curated_synonym_self,,brucella suis,curated_synonym_self
proteome:UP000002565,135,Brucella abortus (strain S19),brucella abortus,430066,bacdive_species_candidate_unvalidated,,rescued_to_validated_species,Source species matches BacDive species after strain-level resolution; BacDive returns multiple Brucella species but source species is among them,5.3_curated_synonym_self,,brucella abortus,curated_synonym_self
proteome:UP000002719,194,Brucella abortus (strain 2308),brucella abortus,359391,bacdive_species_candidate_unvalidated,,rescued_to_validated_species,Source species matches BacDive species after strain-level resolution; BacDive returns multiple Brucella species but source species is among them,5.3_curated_synonym_self,,brucella abortus,curated_synonym_self
proteome:UP000000540,194,Brucella abortus biovar 1 (strain 9-941),brucella abortus,262698,bacdive_species_candidate_unvalidated,,rescued_to_validated_species,Source species matches BacDive species after strain-level resolution; BacDive returns multiple Brucella species but source species is among them,5.3_curated_synonym_self,,brucella abortus,curated_synonym_self
proteome:UP000007104,231,Brucella suis biovar 1 (strain 1330),brucella suis,204722,bacdive_species_candidate_unvalidated,,rescued_to_validated_species,Source species matches BacDive species after strain-level resolution; BacDive returns multiple Brucella species but source species is among them,5.3_curated_synonym_self,,brucella suis,curated_synonym_self
proteome:UP000001136,90,Aliarcobacter butzleri (strain RM4018) (Arcobacter butzleri),aliarcobacter butzleri,367737,bacdive_species_candidate_unvalidated,,remains_candidate_unvalidated,"no rescue evidence found from parenthetical, taxid, or curated synonym rules",,,,
proteome:UP000001591,72,Rhodospirillum centenum (strain ATCC 51521 / SW),rhodospirillum centenum,414684,bacdive_species_candidate_unvalidated,,remains_candidate_unvalidated,"no rescue evidence found from parenthetical, taxid, or curated synonym rules",,,,
proteome:UP000008332,181,Albidiferax ferrireducens (strain ATCC BAA-621 / DSM 15236 / T118) (Rhodoferax ferrireducens),rhodoferax ferrireducens,338969,bacdive_species_candidate_unvalidated,,remains_candidate_unvalidated,"no rescue evidence found from parenthetical, taxid, or curated synonym rules",,,,
proteome:UP000002596,141,Paracidovorax citrulli (strain AAC00-1) (Acidovorax citrulli),paracidovorax citrulli,397945,bacdive_species_candidate_unvalidated,,remains_candidate_unvalidated,"no rescue evidence found from parenthetical, taxid, or curated synonym rules",,,,
proteome:UP000000755,78,Christiangramia forsetii (strain DSM 17595 / CGMCC 1.15422 / KT0803) (Gramella forsetii),christiangramia forsetii,411154,bacdive_species_candidate_unvalidated,,remains_candidate_unvalidated,"no rescue evidence found from parenthetical, taxid, or curated synonym rules",,,,
proteome:UP000009159,150,Mycolicibacterium vanbaalenii (strain DSM 7251 / JCM 13017 / BCRC 16820 / KCTC 9966 / NRRL B-24157 / PYR-1) (Mycobacterium vanbaalenii),mycolicibacterium vanbaalenii,350058,bacdive_species_candidate_unvalidated,,remains_candidate_unvalidated,"no rescue evidence found from parenthetical, taxid, or curated synonym rules",,,,
proteome:UP000006695,137,Geotalea uraniireducens (strain Rf4) (Geobacter uraniireducens),geotalea uraniireducens,351605,bacdive_species_candidate_unvalidated,,remains_candidate_unvalidated,"no rescue evidence found from parenthetical, taxid, or curated synonym rules",,,,
proteome:UP000008825,127,Citrifermentans bemidjiense (strain ATCC BAA-1014 / DSM 16622 / JCM 12645 / Bem) (Geobacter bemidjiensis),citrifermentans bemidjiense,404380,bacdive_species_candidate_unvalidated,,remains_candidate_unvalidated,"no rescue evidence found from parenthetical, taxid, or curated synonym rules",,,,
proteome:UP000007137,94,Mycobacteroides abscessus (strain ATCC 19977 / DSM 44196 / CCUG 20993 / CIP 104536 / JCM 13569 / NCTC 13031 / TMC 1543 / L948) (Mycobacterium abscessus),mycobacteroides abscessus,561007,bacdive_species_candidate_unvalidated,,remains_candidate_unvalidated,"no rescue evidence found from parenthetical, taxid, or curated synonym rules",,,,
proteome:UP000005216,45,Borreliella afzelii (strain PKo) (Borrelia afzelii),borreliella afzelii,390236,bacdive_species_candidate_unvalidated,,remains_candidate_unvalidated,"no rescue evidence found from parenthetical, taxid, or curated synonym rules",,,,
proteome:UP000001383,91,Macrococcus caseolyticus (strain JCSC5402) (Macrococcoides caseolyticum),macrococcoides caseolyticum,458233,bacdive_species_candidate_unvalidated,,remains_candidate_unvalidated,"no rescue evidence found from parenthetical, taxid, or curated synonym rules",,,,
proteome:UP000009173,120,Nitratidesulfovibrio vulgaris (strain DP4) (Desulfovibrio vulgaris),nitratidesulfovibrio vulgaris,391774,bacdive_species_candidate_unvalidated,,remains_candidate_unvalidated,"no rescue evidence found from parenthetical, taxid, or curated synonym rules",,,,
proteome:UP000000370,89,Lachnoclostridium phytofermentans (strain ATCC 700394 / DSM 18823 / ISDg) (Clostridium phytofermentans),lachnoclostridium phytofermentans,357809,bacdive_species_candidate_unvalidated,,remains_candidate_unvalidated,"no rescue evidence found from parenthetical, taxid, or curated synonym rules",,,,
proteome:UP000002194,149,Nitratidesulfovibrio vulgaris (strain ATCC 29579 / DSM 644 / CCUG 34227 / NCIMB 8303 / VKM B-1760 / Hildenborough) (Desulfovibrio vulgaris),nitratidesulfovibrio vulgaris,882,bacdive_species_candidate_unvalidated,,remains_candidate_unvalidated,"no rescue evidence found from parenthetical, taxid, or curated synonym rules",,,,
proteome:UP000002276,49,Borrelia garinii subsp. bavariensis (strain ATCC BAA-2496 / DSM 23469 / PBi) (Borreliella bavariensis),borreliella bavariensis,290434,bacdive_species_candidate_unvalidated,,remains_candidate_unvalidated,"no rescue evidence found from parenthetical, taxid, or curated synonym rules",,,,
proteome:UP000000549,30,Mycoplasmopsis synoviae (strain 53) (Mycoplasma synoviae),mycoplasmopsis synoviae,262723,bacdive_species_candidate_unvalidated,,remains_candidate_unvalidated,"no rescue evidence found from parenthetical, taxid, or curated synonym rules",,,,
proteome:UP000007065,15,Mycoplasmopsis agalactiae (strain NCTC 10123 / CIP 59.7 / PG2) (Mycoplasma agalactiae),mycoplasmopsis agalactiae,347257,bacdive_species_candidate_unvalidated,,remains_candidate_unvalidated,"no rescue evidence found from parenthetical, taxid, or curated synonym rules",,,,
proteome:UP000000233,172,Stutzerimonas stutzeri (strain A1501) (Pseudomonas stutzeri),stutzerimonas stutzeri,379731,bacdive_species_candidate_unvalidated,,remains_candidate_unvalidated,"no rescue evidence found from parenthetical, taxid, or curated synonym rules",,,,
proteome:UP000006633,5,Ancylobacter novellus (strain ATCC 8093 / DSM 506 / JCM 20403 / CCM 1077 / IAM 12100 / NBRC 12443 / NCIMB 10456) (Starkeya novella),ancylobacter novellus,639283,bacdive_species_candidate_unvalidated,,remains_candidate_unvalidated,"no rescue evidence found from parenthetical, taxid, or curated synonym rules",,,,
taxon:28064|organism:heliobacterium mobile (heliobacillus mobilis),9,Heliobacterium mobile (Heliobacillus mobilis),heliobacterium mobile,28064,bacdive_species_candidate_unvalidated,,rescued_to_validated_species,NCBI TaxID 28064 matches BacDive candidate 6118 (species: Heliobacillus mobilis),5.2_taxid_match,6118,Heliobacillus mobilis,ncbi_taxid_match
proteome:UP000007735,2,Sinorhizobium fredii (strain HH103),rhizobium fredii,1117943,bacdive_species_candidate_unvalidated,,remains_candidate_unvalidated,"no rescue evidence found from parenthetical, taxid, or curated synonym rules",,,,
taxon:839|organism:xylanibacter ruminicola (prevotella ruminicola),2,Xylanibacter ruminicola (Prevotella ruminicola),xylanibacter ruminicola,839,bacdive_species_candidate_unvalidated,,rescued_to_validated_species,NCBI TaxID 839 matches BacDive candidate 165980 (species: Prevotella ruminicola),5.2_taxid_match,165980,Prevotella ruminicola,ncbi_taxid_match
taxon:316|organism:stutzerimonas stutzeri (pseudomonas stutzeri),16,Stutzerimonas stutzeri (Pseudomonas stutzeri),stutzerimonas stutzeri,316,bacdive_species_candidate_unvalidated,,rescued_to_validated_species,NCBI TaxID 316 matches BacDive candidate 177898 (species: Pseudomonas stutzeri),5.2_taxid_match,177898,Pseudomonas stutzeri,ncbi_taxid_match
taxon:1149133|organism:metapseudomonas furukawaii (pseudomonas furukawaii),6,Metapseudomonas furukawaii (Pseudomonas furukawaii),metapseudomonas furukawaii,1149133,bacdive_species_candidate_unvalidated,,rescued_to_validated_species,NCBI TaxID 1149133 matches BacDive candidate 12966 (species: Pseudomonas furukawaii),5.2_taxid_match,12966,Pseudomonas furukawaii,ncbi_taxid_match
proteome:UP000001702,10,Pantoea ananatis (strain LMG 20103),pantoea ananas,706191,bacdive_species_candidate_unvalidated,,remains_candidate_unvalidated,"no rescue evidence found from parenthetical, taxid, or curated synonym rules",,,,
taxon:29518|organism:borreliella afzelii (borrelia afzelii),2,Borreliella afzelii (Borrelia afzelii),borreliella afzelii,29518,bacdive_species_candidate_unvalidated,,rescued_to_validated_species,NCBI TaxID 29518 matches BacDive candidate 14306 (species: Borrelia afzelii),5.2_taxid_match,14306,Borrelia afzelii,ncbi_taxid_match
taxon:145261|organism:methanothermobacter wolfeii (methanobacterium wolfei),2,Methanothermobacter wolfeii (Methanobacterium wolfei),methanothermobacter wolfeii,145261,bacdive_species_candidate_unvalidated,,rescued_to_validated_species,NCBI TaxID 145261 matches BacDive candidate 6894 (species: Methanothermobacter wolfei),5.2_taxid_match,6894,Methanothermobacter wolfei,ncbi_taxid_match
taxon:145262|organism:methanothermobacter thermautotrophicus (methanobacterium thermoformicicum),1,Methanothermobacter thermautotrophicus (Methanobacterium thermoformicicum),methanothermobacter thermautotrophicus,145262,bacdive_species_candidate_unvalidated,,rescued_to_validated_species,NCBI TaxID 145262 matches BacDive candidate 6887 (species: Methanothermobacter wolfei),5.2_taxid_match,6887,Methanothermobacter wolfei,ncbi_taxid_match
proteome:UP000002734,4,Musicola paradisiaca (strain Ech703) (Dickeya paradisiaca) (Dickeya dadantii),musicola paradisiaca,579405,bacdive_species_candidate_unvalidated,,remains_candidate_unvalidated,"no rescue evidence found from parenthetical, taxid, or curated synonym rules",,,,
proteome:UP000002484,1,Pseudofrankia inefficax (strain DSM 45817 / CECT 9037 / DDB 130130 / EuI1c) (Frankia inefficax),pseudofrankia inefficax,298654,bacdive_species_candidate_unvalidated,,rescued_to_validated_species,NCBI TaxID 298654 matches BacDive candidate 132738 (species: Frankia inefficax),5.2_taxid_match,132738,Frankia inefficax,ncbi_taxid_match
proteome:UP000006876,1,Achromobacter xylosoxidans (strain A8),alcaligenes xylosoxydans xylosoxydans,762376,bacdive_species_candidate_unvalidated,,remains_candidate_unvalidated,"no rescue evidence found from parenthetical, taxid, or curated synonym rules",,,,
taxon:1556|organism:clostridium acidurici (gottschalkia acidurici),1,Clostridium acidurici (Gottschalkia acidurici),clostridium acidurici,1556,bacdive_species_candidate_unvalidated,,rescued_to_validated_species,NCBI TaxID 1556 matches BacDive candidate 2580 (species: Gottschalkia acidurici),5.2_taxid_match,2580,Gottschalkia acidurici,ncbi_taxid_match
taxon:882102|organism:vibrio anguillarum (strain atcc 68554 / 775) (listonella anguillarum),2,Vibrio anguillarum (strain ATCC 68554 / 775) (Listonella anguillarum),vibrio anguillarum,882102,bacdive_species_candidate_unvalidated,,remains_candidate_unvalidated,"no rescue evidence found from parenthetical, taxid, or curated synonym rules",,,,
proteome:UP000062255,2,Mycolicibacterium goodii (Mycobacterium goodii),mycolicibacterium goodii,134601,bacdive_species_candidate_unvalidated,,rescued_to_validated_species,NCBI TaxID 134601 matches BacDive candidate 154031 (species: Mycobacterium goodii),5.2_taxid_match,154031,Mycobacterium goodii,ncbi_taxid_match
taxon:188|organism:paramagnetospirillum magnetotacticum (aquaspirillum magnetotacticum),2,Paramagnetospirillum magnetotacticum (Aquaspirillum magnetotacticum),paramagnetospirillum magnetotacticum,188,bacdive_species_candidate_unvalidated,,rescued_to_validated_species,NCBI TaxID 188 matches BacDive candidate 13943 (species: Magnetospirillum magnetotacticum),5.2_taxid_match,13943,Magnetospirillum magnetotacticum,ncbi_taxid_match
taxon:39687|organism:mycolicibacterium austroafricanum (mycobacterium austroafricanum),2,Mycolicibacterium austroafricanum (Mycobacterium austroafricanum),mycolicibacterium austroafricanum,39687,bacdive_species_candidate_unvalidated,,rescued_to_validated_species,NCBI TaxID 39687 matches BacDive candidate 8515 (species: Mycobacterium austroafricanum),5.2_taxid_match,8515,Mycobacterium austroafricanum,ncbi_taxid_match
taxon:1117943|organism:sinorhizobium fredii (strain hh103),1,Sinorhizobium fredii (strain HH103),rhizobium fredii,1117943,bacdive_species_candidate_unvalidated,,remains_candidate_unvalidated,"no rescue evidence found from parenthetical, taxid, or curated synonym rules",,,,
taxon:80869|organism:paracidovorax citrulli (acidovorax citrulli),2,Paracidovorax citrulli (Acidovorax citrulli),paracidovorax citrulli,80869,bacdive_species_candidate_unvalidated,,rescued_to_validated_species,NCBI TaxID 80869 matches BacDive candidate 157282 (species: Acidovorax citrulli),5.2_taxid_match,157282,Acidovorax citrulli,ncbi_taxid_match
proteome:UP000008916,1,Mycolicibacterium gilvum (strain DSM 45189 / LMG 24558 / Spyr1) (Mycobacterium gilvum),mycolicibacterium gilvum,278137,bacdive_species_candidate_unvalidated,,remains_candidate_unvalidated,"no rescue evidence found from parenthetical, taxid, or curated synonym rules",,,,
proteome:UP000543174,5,Priestia aryabhattai (Bacillus aryabhattai),priestia aryabhattai,412384,bacdive_species_candidate_unvalidated,,rescued_to_validated_species,NCBI TaxID 412384 matches BacDive candidate 175296 (species: Bacillus aryabhattai),5.2_taxid_match,175296,Bacillus aryabhattai,ncbi_taxid_match
proteome:UP000037660,2,Piscinibacter sakaiensis (Ideonella sakaiensis),piscinibacter sakaiensis,1547922,bacdive_species_candidate_unvalidated,,rescued_to_validated_species,NCBI TaxID 1547922 matches BacDive candidate 140803 (species: Ideonella sakaiensis),5.2_taxid_match,140803,Ideonella sakaiensis,ncbi_taxid_match
taxon:134601|organism:mycolicibacterium goodii (mycobacterium goodii),8,Mycolicibacterium goodii (Mycobacterium goodii),mycolicibacterium goodii,134601,bacdive_species_candidate_unvalidated,,rescued_to_validated_species,NCBI TaxID 134601 matches BacDive candidate 154031 (species: Mycobacterium goodii),5.2_taxid_match,154031,Mycobacterium goodii,ncbi_taxid_match
proteome:UP000002805,2,Streptomyces pristinaespiralis (strain ATCC 25486 / DSM 40338 / CBS 914.69 / JCM 4507 / KCC S-0507 / NBRC 13074 / NRRL 2958 / 5647),streptomyces pristinaespiralis,457429,bacdive_species_candidate_unvalidated,,remains_candidate_unvalidated,"no rescue evidence found from parenthetical, taxid, or curated synonym rules",,,,
proteome:UP000001916,1,Allomeiothermus silvanus (strain ATCC 700542 / DSM 9946 / NBRC 106475 / NCIMB 13440 / VI-R2) (Thermus silvanus),allomeiothermus silvanus,526227,bacdive_species_candidate_unvalidated,,remains_candidate_unvalidated,"no rescue evidence found from parenthetical, taxid, or curated synonym rules",,,,
proteome:UP000001627,1,Neorickettsia risticii (strain Illinois),neorickettsia risticii,434131,bacdive_species_candidate_unvalidated,,remains_candidate_unvalidated,"no rescue evidence found from parenthetical, taxid, or curated synonym rules",,,,
proteome:UP000006690,4,Pantoea ananatis (strain AJ13355),pantoea ananas,932677,bacdive_species_candidate_unvalidated,,remains_candidate_unvalidated,"no rescue evidence found from parenthetical, taxid, or curated synonym rules",,,,
proteome:UP000032841,1,Ectopseudomonas oleovorans (strain CECT 5344) (Pseudomonas pseudoalcaligenes),ectopseudomonas oleovorans,1182590,bacdive_species_candidate_unvalidated,,remains_candidate_unvalidated,"no rescue evidence found from parenthetical, taxid, or curated synonym rules",,,,
