file_name,role,required_summary_12,taxonomy_namespace,taxonomic_rank,prediction_scope,official_url,official_last_modified_from_index,official_size_from_index,chenyu_path,size_bytes,sha256,gzip_test_status,header_column_count,data_row_count,row_count_status,download_status,validation_status,notes
gtdb_family_summary_all.tsv.gz,bulk_summary,true,gtdb,family,all,https://www.bork.embl.de/~robbani/metatraits/gtdb_family_summary_all.tsv.gz,2026-06-10 10:23,9.9M,/usrdata/EnzymeCAGE_data/data/metatraits/incoming/metatraits_bulk_tsv_snapshot_20260818/gtdb_family_summary_all.tsv.gz,10368529,99e81b30bc53ed523f45ea22cab5f907ff452e318463e132469dedaa528596a8,PASS,19,574964,COUNTED,PASS,PASS,present_and_valid_validate_only
gtdb_family_summary_no_predictions.tsv.gz,bulk_summary,true,gtdb,family,no_predictions,https://www.bork.embl.de/~robbani/metatraits/gtdb_family_summary_no_predictions.tsv.gz,2026-06-10 10:23,1.4M,/usrdata/EnzymeCAGE_data/data/metatraits/incoming/metatraits_bulk_tsv_snapshot_20260818/gtdb_family_summary_no_predictions.tsv.gz,1513013,4d1e47bee19255b15c716bb28bc8a7edbf3569a575ff7929e4730d6692cdfcd5,PASS,19,62352,COUNTED,PASS,PASS,present_and_valid_validate_only
gtdb_genus_summary_all.tsv.gz,bulk_summary,true,gtdb,genus,all,https://www.bork.embl.de/~robbani/metatraits/gtdb_genus_summary_all.tsv.gz,2026-06-10 10:23,38M,/usrdata/EnzymeCAGE_data/data/metatraits/incoming/metatraits_bulk_tsv_snapshot_20260818/gtdb_genus_summary_all.tsv.gz,40283136,a361dcea0dbd10edb37a1a4ba53963667e278cdae8cc8bbf78955052644ae410,PASS,19,2247451,COUNTED,PASS,PASS,present_and_valid_validate_only
gtdb_genus_summary_no_predictions.tsv.gz,bulk_summary,true,gtdb,genus,no_predictions,https://www.bork.embl.de/~robbani/metatraits/gtdb_genus_summary_no_predictions.tsv.gz,2026-06-10 10:23,4.7M,/usrdata/EnzymeCAGE_data/data/metatraits/incoming/metatraits_bulk_tsv_snapshot_20260818/gtdb_genus_summary_no_predictions.tsv.gz,4965442,82c6418e89a5548b447bb641deabee79ae905e3ca786829f424249847a40a5c6,PASS,19,218089,COUNTED,PASS,PASS,present_and_valid_validate_only
gtdb_species_summary_all.tsv.gz,bulk_summary,true,gtdb,species,all,https://www.bork.embl.de/~robbani/metatraits/gtdb_species_summary_all.tsv.gz,2026-06-10 10:23,135M,/usrdata/EnzymeCAGE_data/data/metatraits/incoming/metatraits_bulk_tsv_snapshot_20260818/gtdb_species_summary_all.tsv.gz,141667681,8eb08ea0718ec7c6db86d90bbed832f0941fa5d8e1db2d987e8fc76bc80e3917,PASS,19,7549523,COUNTED,PASS,PASS,present_and_valid_validate_only
gtdb_species_summary_no_predictions.tsv.gz,bulk_summary,true,gtdb,species,no_predictions,https://www.bork.embl.de/~robbani/metatraits/gtdb_species_summary_no_predictions.tsv.gz,2026-06-10 10:23,12M,/usrdata/EnzymeCAGE_data/data/metatraits/incoming/metatraits_bulk_tsv_snapshot_20260818/gtdb_species_summary_no_predictions.tsv.gz,12570522,e676d4cd8c9244ffde60cc5968b3806d8a5fb3ada5a505d53c22b27e1e1e3df7,PASS,19,638990,COUNTED,PASS,PASS,present_and_valid_validate_only
ncbi_family_summary_all.tsv.gz,bulk_summary,true,ncbi,family,all,https://www.bork.embl.de/~robbani/metatraits/ncbi_family_summary_all.tsv.gz,2026-06-10 10:23,2.5M,/usrdata/EnzymeCAGE_data/data/metatraits/incoming/metatraits_bulk_tsv_snapshot_20260818/ncbi_family_summary_all.tsv.gz,2636007,783e8d46bf8de227d5cbc3cf76d298380a88dcc990e2c146422df5f86ec83a70,PASS,19,115956,COUNTED,PASS,PASS,present_and_valid_validate_only
ncbi_family_summary_no_predictions.tsv.gz,bulk_summary,true,ncbi,family,no_predictions,https://www.bork.embl.de/~robbani/metatraits/ncbi_family_summary_no_predictions.tsv.gz,2026-06-10 10:23,893K,/usrdata/EnzymeCAGE_data/data/metatraits/incoming/metatraits_bulk_tsv_snapshot_20260818/ncbi_family_summary_no_predictions.tsv.gz,913932,7f3549e89ee1e563d53c27e65e4e36a61f6b4bf819a8b2abf85b27c9b451071b,PASS,19,45122,COUNTED,PASS,PASS,present_and_valid_validate_only
ncbi_genus_summary_all.tsv.gz,bulk_summary,true,ncbi,genus,all,https://www.bork.embl.de/~robbani/metatraits/ncbi_genus_summary_all.tsv.gz,2026-06-10 10:23,9.4M,/usrdata/EnzymeCAGE_data/data/metatraits/incoming/metatraits_bulk_tsv_snapshot_20260818/ncbi_genus_summary_all.tsv.gz,9907786,69a25f3949d331a2f73050b5b59dde90484631429dd2db13ada3f65e053f98d9,PASS,19,465434,COUNTED,PASS,PASS,present_and_valid_validate_only
ncbi_genus_summary_no_predictions.tsv.gz,bulk_summary,true,ncbi,genus,no_predictions,https://www.bork.embl.de/~robbani/metatraits/ncbi_genus_summary_no_predictions.tsv.gz,2026-06-10 10:23,2.3M,/usrdata/EnzymeCAGE_data/data/metatraits/incoming/metatraits_bulk_tsv_snapshot_20260818/ncbi_genus_summary_no_predictions.tsv.gz,2431808,59a06549a20c67d3434fd1677bda7d9834248e5337b402e4be0526ff300f26fc,PASS,19,132047,COUNTED,PASS,PASS,present_and_valid_validate_only
ncbi_species_summary_all.tsv.gz,bulk_summary,true,ncbi,species,all,https://www.bork.embl.de/~robbani/metatraits/ncbi_species_summary_all.tsv.gz,2026-06-10 10:23,35M,/usrdata/EnzymeCAGE_data/data/metatraits/incoming/metatraits_bulk_tsv_snapshot_20260818/ncbi_species_summary_all.tsv.gz,36900021,9118379f800c5f2d8f0d0787ffd3045cbe3bb84a592657b06723252c13799bcd,PASS,19,1902646,COUNTED,PASS,PASS,present_and_valid_validate_only
ncbi_species_summary_no_predictions.tsv.gz,bulk_summary,true,ncbi,species,no_predictions,https://www.bork.embl.de/~robbani/metatraits/ncbi_species_summary_no_predictions.tsv.gz,2026-06-10 10:23,6.2M,/usrdata/EnzymeCAGE_data/data/metatraits/incoming/metatraits_bulk_tsv_snapshot_20260818/ncbi_species_summary_no_predictions.tsv.gz,6523019,9e16ca57b94819fa591f32bc1cf194c82eae85b0dbbc454a3c1a449257a33873,PASS,19,430044,COUNTED,PASS,PASS,present_and_valid_validate_only
GTDB2NCBI.tsv.gz,companion_crosswalk,false,crosswalk,mapping,mapping,https://www.bork.embl.de/~robbani/metatraits/GTDB2NCBI.tsv.gz,2026-06-10 10:23,2.8M,/usrdata/EnzymeCAGE_data/data/metatraits/incoming/metatraits_bulk_tsv_snapshot_20260818/GTDB2NCBI.tsv.gz,2937650,892ecf0410091e3f2b4c88e5e129cae3cc43117613b1745aa73f95ccdcfbb9e3,PASS,20,92823,COUNTED,PASS,PASS,present_and_valid_validate_only
NCBI2GTDB.tsv.gz,companion_crosswalk,false,crosswalk,mapping,mapping,https://www.bork.embl.de/~robbani/metatraits/NCBI2GTDB.tsv.gz,2026-06-10 10:23,2.8M,/usrdata/EnzymeCAGE_data/data/metatraits/incoming/metatraits_bulk_tsv_snapshot_20260818/NCBI2GTDB.tsv.gz,2895086,761d5537a7edb4b0133e88e7bbc85570cf3cb6f2555b9f9ce6cca3e1056a0ddd,PASS,20,92711,COUNTED,PASS,PASS,present_and_valid_validate_only
