trait_name,group_1,group_2,unit,source_count_all,source_count_no_predictions,added_by_prediction_like_all_minus_no,fraction_all_of_2478,fraction_no_predictions_of_2478
aerotolerant,Environmental preferences,Atmosphere,boolean,1631,1528,False,0.658192,0.616626
capnophilic,Environmental preferences,Atmosphere,boolean,1582,0,True,0.638418,0.0
facultative anaerobe,Environmental preferences,Atmosphere,boolean,1582,0,True,0.638418,0.0
obligate aerobic,Environmental preferences,Atmosphere,boolean,1617,0,True,0.652542,0.0
obligate anaerobic,Environmental preferences,Atmosphere,boolean,1617,0,True,0.652542,0.0
oxygen preference,Environmental preferences,Atmosphere,factor,1528,1528,False,0.616626,0.616626
salinity growth,Environmental preferences,Salinity,% NaCl (w/v),1618,255,False,0.652946,0.102906
salinity maximum,Environmental preferences,Salinity,% NaCl (w/v),1622,502,False,0.65456,0.202583
salinity minimum,Environmental preferences,Salinity,% NaCl (w/v),1622,461,False,0.65456,0.186037
salinity preference,Environmental preferences,Salinity,factor,563,563,False,0.227199,0.227199
psychrophilic,Environmental preferences,Temperature,boolean,1608,0,True,0.64891,0.0
temperature growth,Environmental preferences,Temperature,Celsius,1636,1531,False,0.66021,0.617837
temperature maximum,Environmental preferences,Temperature,Celsius,1623,1083,False,0.654964,0.437046
temperature minimum,Environmental preferences,Temperature,Celsius,1623,1082,False,0.654964,0.436642
temperature preference,Environmental preferences,Temperature,factor,1279,1279,False,0.516142,0.516142
thermophilic,Environmental preferences,Temperature,boolean,1608,0,True,0.64891,0.0
acidophilic,Environmental preferences,pH,boolean,1608,0,True,0.64891,0.0
pH growth,Environmental preferences,pH,pH,1618,273,False,0.652946,0.110169
pH maximum,Environmental preferences,pH,pH,1618,320,False,0.652946,0.129136
pH minimum,Environmental preferences,pH,pH,1618,318,False,0.652946,0.128329
pH preference,Environmental preferences,pH,factor,132,132,False,0.053269,0.053269
enzyme activity: 6-phospho-beta-galactosidase (EC3.2.1.85),Enzymes,Enzyme activity,boolean,2,2,False,0.000807,0.000807
enzyme activity: Alanyl-Phenylalanyl-Proline arylamidase,Enzymes,Enzyme activity,boolean,213,213,False,0.085956,0.085956
enzyme activity: DNase,Enzymes,Enzyme activity,boolean,1583,85,False,0.638822,0.034302
enzyme activity: L-arginine arylamidase,Enzymes,Enzyme activity,boolean,71,71,False,0.028652,0.028652
enzyme activity: L-aspartate arylamidase (EC3.4.11.21),Enzymes,Enzyme activity,boolean,207,207,False,0.083535,0.083535
enzyme activity: N-acetyl-beta-glucosaminidase (EC3.2.1.52),Enzymes,Enzyme activity,boolean,213,213,False,0.085956,0.085956
enzyme activity: acid phosphatase (EC3.1.3.2),Enzymes,Enzyme activity,boolean,990,990,False,0.399516,0.399516
enzyme activity: adenyl cyclase hemolysin,Enzymes,Enzyme activity,boolean,6,6,False,0.002421,0.002421
enzyme activity: agarase (EC3.2.1.81),Enzymes,Enzyme activity,boolean,1,1,False,0.000404,0.000404
enzyme activity: alanine arylamidase (EC3.4.11.2),Enzymes,Enzyme activity,boolean,251,251,False,0.101291,0.101291
enzyme activity: alcohol dehydrogenase (EC1.1.1.1),Enzymes,Enzyme activity,boolean,790,790,False,0.318805,0.318805
enzyme activity: alkaline phosphatase (EC3.1.3.1),Enzymes,Enzyme activity,boolean,1607,1027,False,0.648507,0.414447
enzyme activity: alpha-arabinosidase (EC3.2.1.55),Enzymes,Enzyme activity,boolean,252,252,False,0.101695,0.101695
enzyme activity: alpha-chymotrypsin (EC3.4.21.1),Enzymes,Enzyme activity,boolean,991,991,False,0.399919,0.399919
enzyme activity: alpha-fucosidase (EC3.2.1.51),Enzymes,Enzyme activity,boolean,1019,1019,False,0.411219,0.411219
enzyme activity: alpha-galactosidase (EC3.2.1.22),Enzymes,Enzyme activity,boolean,1020,1020,False,0.411622,0.411622
enzyme activity: alpha-glucosidase (EC3.2.1.20),Enzymes,Enzyme activity,boolean,1024,1024,False,0.413236,0.413236
enzyme activity: alpha-glucuronidase (EC3.2.1.139),Enzymes,Enzyme activity,boolean,1,1,False,0.000404,0.000404
enzyme activity: alpha-maltosidase,Enzymes,Enzyme activity,boolean,227,227,False,0.091606,0.091606
enzyme activity: alpha-mannosidase (EC3.2.1.24),Enzymes,Enzyme activity,boolean,990,990,False,0.399516,0.399516
enzyme activity: alpha-xylosidase,Enzymes,Enzyme activity,boolean,1,1,False,0.000404,0.000404
enzyme activity: amylase,Enzymes,Enzyme activity,boolean,474,474,False,0.191283,0.191283
enzyme activity: arginine decarboxylase (EC4.1.1.19),Enzymes,Enzyme activity,boolean,4,4,False,0.001614,0.001614
enzyme activity: arginine dihydrolase (EC3.5.3.6),Enzymes,Enzyme activity,boolean,1597,842,False,0.644471,0.33979
enzyme activity: arylsulfatase (EC3.1.6.1),Enzymes,Enzyme activity,boolean,2,2,False,0.000807,0.000807
enzyme activity: beta-D-fucosidase (EC3.2.1.38),Enzymes,Enzyme activity,boolean,1,1,False,0.000404,0.000404
enzyme activity: beta-Galactosidase 6-phosphate,Enzymes,Enzyme activity,boolean,224,224,False,0.090395,0.090395
enzyme activity: beta-galactosidase (EC3.2.1.23),Enzymes,Enzyme activity,boolean,1030,1030,False,0.415658,0.415658
enzyme activity: beta-glucosidase (EC3.2.1.21),Enzymes,Enzyme activity,boolean,877,877,False,0.353914,0.353914
enzyme activity: beta-glucuronidase (EC3.2.1.31),Enzymes,Enzyme activity,boolean,642,642,False,0.25908,0.25908
enzyme activity: beta-lactamase (EC3.5.2.6),Enzymes,Enzyme activity,boolean,36,36,False,0.014528,0.014528
enzyme activity: beta-mannosidase (EC3.2.1.25),Enzymes,Enzyme activity,boolean,152,152,False,0.06134,0.06134
enzyme activity: caseinase (EC3.4.21.50),Enzymes,Enzyme activity,boolean,68,68,False,0.027441,0.027441
enzyme activity: catalase (EC1.11.1.6),Enzymes,Enzyme activity,boolean,1586,456,False,0.640032,0.184019
enzyme activity: cellulase (EC3.2.1.4),Enzymes,Enzyme activity,boolean,3,3,False,0.001211,0.001211
enzyme activity: coagulase,Enzymes,Enzyme activity,boolean,1582,25,False,0.638418,0.010089
enzyme activity: cystine arylamidase (EC3.4.11.3),Enzymes,Enzyme activity,boolean,11,11,False,0.004439,0.004439
enzyme activity: cytochrome oxidase (EC1.9.3.1),Enzymes,Enzyme activity,boolean,407,407,False,0.164245,0.164245
enzyme activity: cytochrome-c oxidase (EC1.9.3.1),Enzymes,Enzyme activity,boolean,143,143,False,0.057708,0.057708
"enzyme activity: endo-1,4-beta-xylanase (EC3.2.1.8)",Enzymes,Enzyme activity,boolean,1,1,False,0.000404,0.000404
enzyme activity: esterase,Enzymes,Enzyme activity,boolean,26,26,False,0.010492,0.010492
enzyme activity: esterase (C 4),Enzymes,Enzyme activity,boolean,13,13,False,0.005246,0.005246
enzyme activity: esterase Lipase (C 8),Enzymes,Enzyme activity,boolean,2,2,False,0.000807,0.000807
enzyme activity: esterase lipase (C 8),Enzymes,Enzyme activity,boolean,2,2,False,0.000807,0.000807
enzyme activity: gamma-glutamyltransferase (EC2.3.2.2),Enzymes,Enzyme activity,boolean,116,116,False,0.046812,0.046812
enzyme activity: gelatinase,Enzymes,Enzyme activity,boolean,509,509,False,0.205408,0.205408
enzyme activity: glutamate decarboxylase (EC4.1.1.15),Enzymes,Enzyme activity,boolean,22,22,False,0.008878,0.008878
enzyme activity: glutamyl-glutamate arylamidase,Enzymes,Enzyme activity,boolean,12,12,False,0.004843,0.004843
enzyme activity: glycin arylamidase,Enzymes,Enzyme activity,boolean,2,2,False,0.000807,0.000807
enzyme activity: glycyl tryptophan arylamidase,Enzymes,Enzyme activity,boolean,146,146,False,0.058918,0.058918
enzyme activity: histidine arylamidase,Enzymes,Enzyme activity,boolean,2,2,False,0.000807,0.000807
enzyme activity: lecithinase,Enzymes,Enzyme activity,boolean,92,92,False,0.037127,0.037127
enzyme activity: leucine arylamidase (EC3.4.11.1),Enzymes,Enzyme activity,boolean,57,57,False,0.023002,0.023002
enzyme activity: leucyl glycin arylamidase (EC3.4.11.1),Enzymes,Enzyme activity,boolean,2,2,False,0.000807,0.000807
enzyme activity: lipase,Enzymes,Enzyme activity,boolean,1582,242,False,0.638418,0.097659
enzyme activity: lipase (C 14),Enzymes,Enzyme activity,boolean,1,1,False,0.000404,0.000404
enzyme activity: lipase (Tween 80),Enzymes,Enzyme activity,boolean,1,1,False,0.000404,0.000404
enzyme activity: lysine decarboxylase (EC4.1.1.18),Enzymes,Enzyme activity,boolean,1585,404,False,0.639629,0.163035
enzyme activity: naphthol-AS-BI-phosphohydrolase,Enzymes,Enzyme activity,boolean,2,2,False,0.000807,0.000807
enzyme activity: neuramindase (EC3.2.1.18),Enzymes,Enzyme activity,boolean,2,2,False,0.000807,0.000807
enzyme activity: ornithine decarboxylase (EC4.1.1.17),Enzymes,Enzyme activity,boolean,1585,386,False,0.639629,0.155771
enzyme activity: oxidase,Enzymes,Enzyme activity,boolean,1582,227,False,0.638418,0.091606
enzyme activity: phenylalanine ammonia-lyase (EC4.3.1.24),Enzymes,Enzyme activity,boolean,87,87,False,0.035109,0.035109
enzyme activity: proline-arylamidase (EC3.4.11.5),Enzymes,Enzyme activity,boolean,36,36,False,0.014528,0.014528
enzyme activity: protease,Enzymes,Enzyme activity,boolean,1,1,False,0.000404,0.000404
enzyme activity: pyrazinamidase (EC3.5.1.B15),Enzymes,Enzyme activity,boolean,40,40,False,0.016142,0.016142
enzyme activity: pyrrolidonyl arylamidase (EC3.4.19.3),Enzymes,Enzyme activity,boolean,1582,137,False,0.638418,0.055287
enzyme activity: trypsin (EC3.4.21.4),Enzymes,Enzyme activity,boolean,1,1,False,0.000404,0.000404
enzyme activity: tryptophan deaminase,Enzymes,Enzyme activity,boolean,95,95,False,0.038337,0.038337
enzyme activity: tryptophan deaminase (EC4.1.99.1),Enzymes,Enzyme activity,boolean,318,318,False,0.128329,0.128329
enzyme activity: tween esterase,Enzymes,Enzyme activity,boolean,53,53,False,0.021388,0.021388
enzyme activity: urease (EC3.5.1.5),Enzymes,Enzyme activity,boolean,522,522,False,0.210654,0.210654
enzyme activity: valine arylamidase,Enzymes,Enzyme activity,boolean,1,1,False,0.000404,0.000404
GC percentage,Genome,Composition,%,1620,1620,False,0.653753,0.653753
coding density,Genome,Composition,%,1620,1620,False,0.653753,0.653753
estimated gene count,Genome,Gene content,genes,1620,1620,False,0.653753,0.653753
gene count,Genome,Gene content,genes,1620,1620,False,0.653753,0.653753
estimated genome size,Genome,Genome size,bp,1620,1620,False,0.653753,0.653753
genome size,Genome,Genome size,bp,1620,1620,False,0.653753,0.653753
pangenome openness,Genome,Pangenome,score,269,0,True,0.108555,0.0
intra species nucleotide diversity,Genome,Population diversity,%,267,0,True,0.107748,0.0
generalism score,Habitat,Generalism,score,356,0,True,0.143664,0.0
generalist,Habitat,Generalism,boolean,356,0,True,0.143664,0.0
habitat count,Habitat,Generalism,count,356,0,True,0.143664,0.0
aerobic catabolization: (-)-quinic acid,Metabolism,Aerobic catabolization,boolean,1,1,False,0.000404,0.000404
aerobic catabolization: 2-oxoglutarate,Metabolism,Aerobic catabolization,boolean,1,1,False,0.000404,0.000404
aerobic catabolization: 4-hydroxybutyrate,Metabolism,Aerobic catabolization,boolean,1,1,False,0.000404,0.000404
aerobic catabolization: D-fructose,Metabolism,Aerobic catabolization,boolean,1,1,False,0.000404,0.000404
aerobic catabolization: D-galactose,Metabolism,Aerobic catabolization,boolean,1,1,False,0.000404,0.000404
aerobic catabolization: acetate,Metabolism,Aerobic catabolization,boolean,1,1,False,0.000404,0.000404
aerobic catabolization: cis-aconitate,Metabolism,Aerobic catabolization,boolean,1,1,False,0.000404,0.000404
aerobic growth: acetate,Metabolism,Aerobic growth,boolean,1,1,False,0.000404,0.000404
aerobic growth: anoxygenic phototrophy,Metabolism,Aerobic growth,boolean,1608,0,True,0.64891,0.0
aerobic growth: aspartate,Metabolism,Aerobic growth,boolean,1,1,False,0.000404,0.000404
aerobic growth: butyrate,Metabolism,Aerobic growth,boolean,1,1,False,0.000404,0.000404
aerobic growth: casamino acids,Metabolism,Aerobic growth,boolean,1,1,False,0.000404,0.000404
aerobic growth: chemoheterotrophy,Metabolism,Aerobic growth,boolean,1608,0,True,0.64891,0.0
ammonification: nitrate,Metabolism,Ammonification,boolean,1608,0,True,0.64891,0.0
ammonification: nitrite,Metabolism,Ammonification,boolean,1608,0,True,0.64891,0.0
nitrogen fixation,Metabolism,Ammonification,boolean,1608,0,True,0.64891,0.0
anaerobic catabolization: D-arabinose,Metabolism,Anaerobic catabolization,boolean,1,1,False,0.000404,0.000404
anaerobic catabolization: D-fructose,Metabolism,Anaerobic catabolization,boolean,1,1,False,0.000404,0.000404
anaerobic catabolization: cellobiose,Metabolism,Anaerobic catabolization,boolean,1,1,False,0.000404,0.000404
anaerobic growth: acetate,Metabolism,Anaerobic growth,boolean,1,1,False,0.000404,0.000404
anaerobic growth: arabinose,Metabolism,Anaerobic growth,boolean,1,1,False,0.000404,0.000404
anaerobic growth: cellobiose,Metabolism,Anaerobic growth,boolean,1,1,False,0.000404,0.000404
anaerobic growth in the dark: acetate,Metabolism,Anaerobic growth in the dark,boolean,1,1,False,0.000404,0.000404
anaerobic growth in the dark: aspartate,Metabolism,Anaerobic growth in the dark,boolean,1,1,False,0.000404,0.000404
anaerobic growth in the dark: butyrate,Metabolism,Anaerobic growth in the dark,boolean,1,1,False,0.000404,0.000404
anaerobic growth with light: aspartate,Metabolism,Anaerobic growth with light,boolean,1,1,False,0.000404,0.000404
anaerobic growth with light: butyrate,Metabolism,Anaerobic growth with light,boolean,1,1,False,0.000404,0.000404
assimilation: (R)-lactate,Metabolism,Assimilation,boolean,2,2,False,0.000807,0.000807
assimilation: (R)-malic acid,Metabolism,Assimilation,boolean,1,1,False,0.000404,0.000404
assimilation: (S)-lactate,Metabolism,Assimilation,boolean,2,2,False,0.000807,0.000807
assimilation: 1 % sodium lactate,Metabolism,Assimilation,boolean,1,1,False,0.000404,0.000404
assimilation: 2-dehydro-D-gluconate,Metabolism,Assimilation,boolean,1,1,False,0.000404,0.000404
assimilation: 2-hydroxybutyrate,Metabolism,Assimilation,boolean,1,1,False,0.000404,0.000404
assimilation: 2-oxoglutarate,Metabolism,Assimilation,boolean,2,2,False,0.000807,0.000807
assimilation: 3-O-methyl alpha-D-glucopyranoside,Metabolism,Assimilation,boolean,2,2,False,0.000807,0.000807
assimilation: 3-O-methyl-D-glucose,Metabolism,Assimilation,boolean,1,1,False,0.000404,0.000404
assimilation: 3-hydroxybenzoate,Metabolism,Assimilation,boolean,4,4,False,0.001614,0.001614
assimilation: 3-hydroxybutyrate,Metabolism,Assimilation,boolean,2,2,False,0.000807,0.000807
assimilation: 4-hydroxybenzoate,Metabolism,Assimilation,boolean,4,4,False,0.001614,0.001614
assimilation: 5-dehydro-D-gluconate,Metabolism,Assimilation,boolean,1,1,False,0.000404,0.000404
assimilation: D-alanine,Metabolism,Assimilation,boolean,1,1,False,0.000404,0.000404
assimilation: D-arabinose,Metabolism,Assimilation,boolean,4,4,False,0.001614,0.001614
assimilation: D-arabitol,Metabolism,Assimilation,boolean,2,2,False,0.000807,0.000807
assimilation: D-fructose,Metabolism,Assimilation,boolean,9,9,False,0.003632,0.003632
assimilation: D-fucose,Metabolism,Assimilation,boolean,5,5,False,0.002018,0.002018
assimilation: D-galactose,Metabolism,Assimilation,boolean,5,5,False,0.002018,0.002018
assimilation: D-galacturonic acid,Metabolism,Assimilation,boolean,1,1,False,0.000404,0.000404
assimilation: D-gluconate,Metabolism,Assimilation,boolean,1,1,False,0.000404,0.000404
assimilation: D-glucose,Metabolism,Assimilation,boolean,370,370,False,0.149314,0.149314
assimilation: D-mannitol,Metabolism,Assimilation,boolean,331,331,False,0.133575,0.133575
assimilation: D-mannose,Metabolism,Assimilation,boolean,325,325,False,0.131154,0.131154
assimilation: D-ribose,Metabolism,Assimilation,boolean,4,4,False,0.001614,0.001614
assimilation: D-sorbitol,Metabolism,Assimilation,boolean,5,5,False,0.002018,0.002018
assimilation: D-xylose,Metabolism,Assimilation,boolean,4,4,False,0.001614,0.001614
assimilation: L-alanine,Metabolism,Assimilation,boolean,1,1,False,0.000404,0.000404
assimilation: L-arabinose,Metabolism,Assimilation,boolean,100,100,False,0.040355,0.040355
assimilation: L-aspartate,Metabolism,Assimilation,boolean,1,1,False,0.000404,0.000404
assimilation: L-cysteine,Metabolism,Assimilation,boolean,1,1,False,0.000404,0.000404
assimilation: L-glutamate,Metabolism,Assimilation,boolean,1,1,False,0.000404,0.000404
assimilation: L-isoleucine,Metabolism,Assimilation,boolean,1,1,False,0.000404,0.000404
assimilation: L-leucine,Metabolism,Assimilation,boolean,1,1,False,0.000404,0.000404
assimilation: L-rhamnose,Metabolism,Assimilation,boolean,1,1,False,0.000404,0.000404
assimilation: L-serine,Metabolism,Assimilation,boolean,2,2,False,0.000807,0.000807
assimilation: L-threonine,Metabolism,Assimilation,boolean,1,1,False,0.000404,0.000404
assimilation: L-valine,Metabolism,Assimilation,boolean,1,1,False,0.000404,0.000404
assimilation: N-acetylglucosamine,Metabolism,Assimilation,boolean,22,22,False,0.008878,0.008878
assimilation: acetamide,Metabolism,Assimilation,boolean,1,1,False,0.000404,0.000404
assimilation: acetate,Metabolism,Assimilation,boolean,35,35,False,0.014124,0.014124
assimilation: acetic acid,Metabolism,Assimilation,boolean,1,1,False,0.000404,0.000404
assimilation: adenine,Metabolism,Assimilation,boolean,1,1,False,0.000404,0.000404
assimilation: adenosine,Metabolism,Assimilation,boolean,1,1,False,0.000404,0.000404
assimilation: adipate,Metabolism,Assimilation,boolean,351,351,False,0.141646,0.141646
assimilation: alanine,Metabolism,Assimilation,boolean,1,1,False,0.000404,0.000404
assimilation: amygdalin,Metabolism,Assimilation,boolean,4,4,False,0.001614,0.001614
assimilation: amylose,Metabolism,Assimilation,boolean,1,1,False,0.000404,0.000404
assimilation: arabinose,Metabolism,Assimilation,boolean,2,2,False,0.000807,0.000807
assimilation: arbutin,Metabolism,Assimilation,boolean,3,3,False,0.001211,0.001211
assimilation: arginine,Metabolism,Assimilation,boolean,1,1,False,0.000404,0.000404
assimilation: asparagine,Metabolism,Assimilation,boolean,1,1,False,0.000404,0.000404
assimilation: aspartate,Metabolism,Assimilation,boolean,4,4,False,0.001614,0.001614
assimilation: benzoate,Metabolism,Assimilation,boolean,1,1,False,0.000404,0.000404
assimilation: butyrate,Metabolism,Assimilation,boolean,2,2,False,0.000807,0.000807
assimilation: cellobiose,Metabolism,Assimilation,boolean,9,9,False,0.003632,0.003632
assimilation: cellulose,Metabolism,Assimilation,boolean,5,5,False,0.002018,0.002018
assimilation: citrate,Metabolism,Assimilation,boolean,466,466,False,0.188055,0.188055
assimilation: decanoate,Metabolism,Assimilation,boolean,312,312,False,0.125908,0.125908
assimilation: fructose,Metabolism,Assimilation,boolean,1,1,False,0.000404,0.000404
assimilation: fumarate,Metabolism,Assimilation,boolean,1,1,False,0.000404,0.000404
assimilation: gelatin,Metabolism,Assimilation,boolean,1,1,False,0.000404,0.000404
assimilation: gluconate,Metabolism,Assimilation,boolean,197,197,False,0.0795,0.0795
assimilation: glucose,Metabolism,Assimilation,boolean,1,1,False,0.000404,0.000404
assimilation: glutathione,Metabolism,Assimilation,boolean,1,1,False,0.000404,0.000404
assimilation: glycolate,Metabolism,Assimilation,boolean,1,1,False,0.000404,0.000404
assimilation: glycylglycine,Metabolism,Assimilation,boolean,1,1,False,0.000404,0.000404
assimilation: glycylglycylglycine,Metabolism,Assimilation,boolean,1,1,False,0.000404,0.000404
assimilation: hydantoin,Metabolism,Assimilation,boolean,1,1,False,0.000404,0.000404
assimilation: malate,Metabolism,Assimilation,boolean,81,81,False,0.032688,0.032688
assimilation: malonate,Metabolism,Assimilation,boolean,134,134,False,0.054076,0.054076
assimilation: maltose,Metabolism,Assimilation,boolean,23,23,False,0.009282,0.009282
assimilation: myo-inositol,Metabolism,Assimilation,boolean,1,1,False,0.000404,0.000404
assimilation: propionate,Metabolism,Assimilation,boolean,29,29,False,0.011703,0.011703
assimilation: raffinose,Metabolism,Assimilation,boolean,1,1,False,0.000404,0.000404
assimilation: succinate,Metabolism,Assimilation,boolean,26,26,False,0.010492,0.010492
assimilation: sucrose,Metabolism,Assimilation,boolean,1,1,False,0.000404,0.000404
assimilation: xylose,Metabolism,Assimilation,boolean,1,1,False,0.000404,0.000404
builds acid from: 2-dehydro-D-gluconate,Metabolism,Builds acid from,boolean,12,12,False,0.004843,0.004843
builds acid from: 2-oxoglutarate,Metabolism,Builds acid from,boolean,1,1,False,0.000404,0.000404
builds acid from: 3-O-methyl alpha-D-glucopyranoside,Metabolism,Builds acid from,boolean,2,2,False,0.000807,0.000807
builds acid from: 5-dehydro-D-gluconate,Metabolism,Builds acid from,boolean,16,16,False,0.006457,0.006457
builds acid from: D-arabinose,Metabolism,Builds acid from,boolean,649,649,False,0.261905,0.261905
builds acid from: D-arabitol,Metabolism,Builds acid from,boolean,689,689,False,0.278047,0.278047
builds acid from: D-fructose,Metabolism,Builds acid from,boolean,637,637,False,0.257062,0.257062
builds acid from: D-fucose,Metabolism,Builds acid from,boolean,619,619,False,0.249798,0.249798
builds acid from: D-galactose,Metabolism,Builds acid from,boolean,577,577,False,0.232849,0.232849
builds acid from: D-galacturonic acid,Metabolism,Builds acid from,boolean,210,210,False,0.084746,0.084746
builds acid from: D-glucose,Metabolism,Builds acid from,boolean,633,633,False,0.255448,0.255448
builds acid from: D-lyxose,Metabolism,Builds acid from,boolean,512,512,False,0.206618,0.206618
builds acid from: D-mannitol,Metabolism,Builds acid from,boolean,509,509,False,0.205408,0.205408
builds acid from: D-mannose,Metabolism,Builds acid from,boolean,227,227,False,0.091606,0.091606
builds acid from: D-ribose,Metabolism,Builds acid from,boolean,271,271,False,0.109362,0.109362
builds acid from: D-sorbitol,Metabolism,Builds acid from,boolean,205,205,False,0.082728,0.082728
builds acid from: D-tagatose,Metabolism,Builds acid from,boolean,263,263,False,0.106134,0.106134
builds acid from: D-xylose,Metabolism,Builds acid from,boolean,99,99,False,0.039952,0.039952
builds acid from: L-arabinose,Metabolism,Builds acid from,boolean,345,345,False,0.139225,0.139225
builds acid from: L-arabitol,Metabolism,Builds acid from,boolean,182,182,False,0.073446,0.073446
builds acid from: L-fucose,Metabolism,Builds acid from,boolean,4,4,False,0.001614,0.001614
builds acid from: L-rhamnose,Metabolism,Builds acid from,boolean,201,201,False,0.081114,0.081114
builds acid from: L-xylose,Metabolism,Builds acid from,boolean,2,2,False,0.000807,0.000807
builds acid from: alpha-D-glucose,Metabolism,Builds acid from,boolean,3,3,False,0.001211,0.001211
builds acid from: alpha-cyclodextrin,Metabolism,Builds acid from,boolean,213,213,False,0.085956,0.085956
builds acid from: alpha-lactose,Metabolism,Builds acid from,boolean,5,5,False,0.002018,0.002018
builds acid from: amygdalin,Metabolism,Builds acid from,boolean,645,645,False,0.260291,0.260291
builds acid from: arabinitol,Metabolism,Builds acid from,boolean,3,3,False,0.001211,0.001211
builds acid from: arabinose,Metabolism,Builds acid from,boolean,43,43,False,0.017353,0.017353
builds acid from: arbutin,Metabolism,Builds acid from,boolean,649,649,False,0.261905,0.261905
builds acid from: cellobiose,Metabolism,Builds acid from,boolean,698,698,False,0.281679,0.281679
builds acid from: cellulose,Metabolism,Builds acid from,boolean,3,3,False,0.001211,0.001211
builds acid from: citrate,Metabolism,Builds acid from,boolean,1,1,False,0.000404,0.000404
builds acid from: erythritol,Metabolism,Builds acid from,boolean,128,128,False,0.051655,0.051655
builds acid from: esculin,Metabolism,Builds acid from,boolean,77,77,False,0.031073,0.031073
builds acid from: ethanol,Metabolism,Builds acid from,boolean,1,1,False,0.000404,0.000404
builds acid from: fructose,Metabolism,Builds acid from,boolean,4,4,False,0.001614,0.001614
builds acid from: galactitol,Metabolism,Builds acid from,boolean,18,18,False,0.007264,0.007264
builds acid from: galactose,Metabolism,Builds acid from,boolean,1,1,False,0.000404,0.000404
builds acid from: gentiobiose,Metabolism,Builds acid from,boolean,5,5,False,0.002018,0.002018
builds acid from: gluconate,Metabolism,Builds acid from,boolean,8,8,False,0.003228,0.003228
builds acid from: glucose,Metabolism,Builds acid from,boolean,8,8,False,0.003228,0.003228
builds acid from: glucose 1-phosphate,Metabolism,Builds acid from,boolean,10,10,False,0.004036,0.004036
builds acid from: glycerol,Metabolism,Builds acid from,boolean,44,44,False,0.017756,0.017756
builds acid from: glycogen,Metabolism,Builds acid from,boolean,165,165,False,0.066586,0.066586
builds acid from: inulin,Metabolism,Builds acid from,boolean,20,20,False,0.008071,0.008071
builds acid from: lactose,Metabolism,Builds acid from,boolean,131,131,False,0.052865,0.052865
builds acid from: malonate,Metabolism,Builds acid from,boolean,2,2,False,0.000807,0.000807
builds acid from: maltose,Metabolism,Builds acid from,boolean,110,110,False,0.044391,0.044391
builds acid from: mannitol,Metabolism,Builds acid from,boolean,5,5,False,0.002018,0.002018
builds acid from: mannose,Metabolism,Builds acid from,boolean,1,1,False,0.000404,0.000404
builds acid from: melezitose,Metabolism,Builds acid from,boolean,20,20,False,0.008071,0.008071
builds acid from: melibiose,Metabolism,Builds acid from,boolean,18,18,False,0.007264,0.007264
builds acid from: methyl alpha-D-glucopyranoside,Metabolism,Builds acid from,boolean,10,10,False,0.004036,0.004036
builds acid from: methyl beta-D-glucopyranoside,Metabolism,Builds acid from,boolean,5,5,False,0.002018,0.002018
builds acid from: myo-inositol,Metabolism,Builds acid from,boolean,2,2,False,0.000807,0.000807
builds acid from: pullulan,Metabolism,Builds acid from,boolean,1,1,False,0.000404,0.000404
builds acid from: raffinose,Metabolism,Builds acid from,boolean,6,6,False,0.002421,0.002421
builds acid from: ribitol,Metabolism,Builds acid from,boolean,2,2,False,0.000807,0.000807
builds acid from: starch,Metabolism,Builds acid from,boolean,2,2,False,0.000807,0.000807
builds acid from: sucrose,Metabolism,Builds acid from,boolean,51,51,False,0.020581,0.020581
builds acid from: trehalose,Metabolism,Builds acid from,boolean,4,4,False,0.001614,0.001614
builds base from: 2-dehydro-D-gluconate,Metabolism,Builds base from,boolean,1,1,False,0.000404,0.000404
builds base from: 5-dehydro-D-gluconate,Metabolism,Builds base from,boolean,1,1,False,0.000404,0.000404
builds base from: acetamide,Metabolism,Builds base from,boolean,2,2,False,0.000807,0.000807
builds base from: acetate,Metabolism,Builds base from,boolean,3,3,False,0.001211,0.001211
builds base from: adipate,Metabolism,Builds base from,boolean,2,2,False,0.000807,0.000807
builds base from: allantoin,Metabolism,Builds base from,boolean,1,1,False,0.000404,0.000404
builds base from: citrate,Metabolism,Builds base from,boolean,1,1,False,0.000404,0.000404
builds gas from: D-glucose,Metabolism,Builds gas from,boolean,1,1,False,0.000404,0.000404
builds gas from: amygdalin,Metabolism,Builds gas from,boolean,1,1,False,0.000404,0.000404
builds gas from: arabinose,Metabolism,Builds gas from,boolean,1,1,False,0.000404,0.000404
builds gas from: arbutin,Metabolism,Builds gas from,boolean,1,1,False,0.000404,0.000404
builds gas from: cellobiose,Metabolism,Builds gas from,boolean,2,2,False,0.000807,0.000807
builds gas from: fructose,Metabolism,Builds gas from,boolean,1,1,False,0.000404,0.000404
builds gas from: galactose,Metabolism,Builds gas from,boolean,1,1,False,0.000404,0.000404
builds gas from: nitrate,Metabolism,Builds gas from,boolean,32,32,False,0.012914,0.012914
builds gas from: nitrite,Metabolism,Builds gas from,boolean,30,30,False,0.012107,0.012107
builds gas from: sodium thiosulfate,Metabolism,Builds gas from,boolean,165,165,False,0.066586,0.066586
carbon source: (-)-quinic acid,Metabolism,Carbon utilization,boolean,5,5,False,0.002018,0.002018
carbon source: (R)-mandelate,Metabolism,Carbon utilization,boolean,1,1,False,0.000404,0.000404
carbon source: (S)-lactate,Metabolism,Carbon utilization,boolean,3,3,False,0.001211,0.001211
carbon source: (S)-mandelic acid,Metabolism,Carbon utilization,boolean,1,1,False,0.000404,0.000404
"carbon source: 2,3-butanediol",Metabolism,Carbon utilization,boolean,2,2,False,0.000807,0.000807
carbon source: 2-aminobenzoate,Metabolism,Carbon utilization,boolean,1,1,False,0.000404,0.000404
carbon source: 2-aminobutyrate,Metabolism,Carbon utilization,boolean,1,1,False,0.000404,0.000404
carbon source: 2-aminopentanoic acid,Metabolism,Carbon utilization,boolean,1,1,False,0.000404,0.000404
carbon source: 2-dehydro-D-gluconate,Metabolism,Carbon utilization,boolean,1,1,False,0.000404,0.000404
carbon source: 2-hydroxybutyrate,Metabolism,Carbon utilization,boolean,6,6,False,0.002421,0.002421
carbon source: 2-oxobutanoate,Metabolism,Carbon utilization,boolean,3,3,False,0.001211,0.001211
carbon source: 2-oxoglutarate,Metabolism,Carbon utilization,boolean,8,8,False,0.003228,0.003228
carbon source: 2-oxopentanoate,Metabolism,Carbon utilization,boolean,3,3,False,0.001211,0.001211
carbon source: 3-O-methyl-D-glucose,Metabolism,Carbon utilization,boolean,3,3,False,0.001211,0.001211
carbon source: 3-aminobenzoate,Metabolism,Carbon utilization,boolean,1,1,False,0.000404,0.000404
carbon source: 3-aminobutyrate,Metabolism,Carbon utilization,boolean,1,1,False,0.000404,0.000404
carbon source: 3-hydroxybutyrate,Metabolism,Carbon utilization,boolean,8,8,False,0.003228,0.003228
carbon source: 4-hydroxy-L-proline,Metabolism,Carbon utilization,boolean,2,2,False,0.000807,0.000807
carbon source: 4-hydroxybenzoate,Metabolism,Carbon utilization,boolean,2,2,False,0.000807,0.000807
carbon source: 4-hydroxybutyrate,Metabolism,Carbon utilization,boolean,2,2,False,0.000807,0.000807
carbon source: 4-hydroxyphenylacetic acid,Metabolism,Carbon utilization,boolean,5,5,False,0.002018,0.002018
carbon source: 5-dehydro-D-gluconate,Metabolism,Carbon utilization,boolean,3,3,False,0.001211,0.001211
carbon source: D-fructose,Metabolism,Carbon utilization,boolean,1,1,False,0.000404,0.000404
carbon source: D-fucose,Metabolism,Carbon utilization,boolean,1,1,False,0.000404,0.000404
carbon source: D-glucose,Metabolism,Carbon utilization,boolean,2,2,False,0.000807,0.000807
carbon source: D-mannitol,Metabolism,Carbon utilization,boolean,1,1,False,0.000404,0.000404
carbon source: D-mannose,Metabolism,Carbon utilization,boolean,2,2,False,0.000807,0.000807
carbon source: D-tryptophan,Metabolism,Carbon utilization,boolean,1,1,False,0.000404,0.000404
carbon source: L-alaninamide,Metabolism,Carbon utilization,boolean,1,1,False,0.000404,0.000404
carbon source: L-arabitol,Metabolism,Carbon utilization,boolean,4,4,False,0.001614,0.001614
carbon source: N-acetylglucosamine,Metabolism,Carbon utilization,boolean,3,3,False,0.001211,0.001211
carbon source: acetamide,Metabolism,Carbon utilization,boolean,1,1,False,0.000404,0.000404
carbon source: acetate,Metabolism,Carbon utilization,boolean,83,83,False,0.033495,0.033495
carbon source: acetic acid,Metabolism,Carbon utilization,boolean,1,1,False,0.000404,0.000404
carbon source: acetoacetate,Metabolism,Carbon utilization,boolean,4,4,False,0.001614,0.001614
carbon source: aconitate,Metabolism,Carbon utilization,boolean,1,1,False,0.000404,0.000404
carbon source: adipate,Metabolism,Carbon utilization,boolean,8,8,False,0.003228,0.003228
carbon source: agar,Metabolism,Carbon utilization,boolean,1,1,False,0.000404,0.000404
carbon source: alanine,Metabolism,Carbon utilization,boolean,12,12,False,0.004843,0.004843
carbon source: alginate,Metabolism,Carbon utilization,boolean,1,1,False,0.000404,0.000404
carbon source: alpha-D-glucose,Metabolism,Carbon utilization,boolean,2,2,False,0.000807,0.000807
carbon source: alpha-cyclodextrin,Metabolism,Carbon utilization,boolean,4,4,False,0.001614,0.001614
carbon source: alpha-lactose,Metabolism,Carbon utilization,boolean,1,1,False,0.000404,0.000404
carbon source: amylopectin,Metabolism,Carbon utilization,boolean,1,1,False,0.000404,0.000404
carbon source: arabinose,Metabolism,Carbon utilization,boolean,29,29,False,0.011703,0.011703
carbon source: arbutin,Metabolism,Carbon utilization,boolean,1,1,False,0.000404,0.000404
carbon source: arginine,Metabolism,Carbon utilization,boolean,2,2,False,0.000807,0.000807
carbon source: asparagine,Metabolism,Carbon utilization,boolean,10,10,False,0.004036,0.004036
carbon source: aspartate,Metabolism,Carbon utilization,boolean,13,13,False,0.005246,0.005246
carbon source: benzoate,Metabolism,Carbon utilization,boolean,2,2,False,0.000807,0.000807
carbon source: beta-D-fructofuranose,Metabolism,Carbon utilization,boolean,1,1,False,0.000404,0.000404
carbon source: beta-cyclodextrin,Metabolism,Carbon utilization,boolean,1,1,False,0.000404,0.000404
carbon source: betaine,Metabolism,Carbon utilization,boolean,1,1,False,0.000404,0.000404
carbon source: bromosuccinate,Metabolism,Carbon utilization,boolean,2,2,False,0.000807,0.000807
carbon source: butanol,Metabolism,Carbon utilization,boolean,2,2,False,0.000807,0.000807
carbon source: butyrate,Metabolism,Carbon utilization,boolean,1,1,False,0.000404,0.000404
carbon source: carbon dioxide,Metabolism,Carbon utilization,boolean,1,1,False,0.000404,0.000404
carbon source: carboxymethylcellulose,Metabolism,Carbon utilization,boolean,1,1,False,0.000404,0.000404
carbon source: casamino acids,Metabolism,Carbon utilization,boolean,1,1,False,0.000404,0.000404
carbon source: casein,Metabolism,Carbon utilization,boolean,1,1,False,0.000404,0.000404
carbon source: casein hydrolysate,Metabolism,Carbon utilization,boolean,1,1,False,0.000404,0.000404
carbon source: cellobiose,Metabolism,Carbon utilization,boolean,28,28,False,0.011299,0.011299
carbon source: cellulose,Metabolism,Carbon utilization,boolean,5,5,False,0.002018,0.002018
carbon source: chitin,Metabolism,Carbon utilization,boolean,2,2,False,0.000807,0.000807
carbon source: citrate,Metabolism,Carbon utilization,boolean,506,506,False,0.204197,0.204197
carbon source: decanoate,Metabolism,Carbon utilization,boolean,3,3,False,0.001211,0.001211
carbon source: dextrin,Metabolism,Carbon utilization,boolean,4,4,False,0.001614,0.001614
carbon source: ethanol,Metabolism,Carbon utilization,boolean,11,11,False,0.004439,0.004439
carbon source: formate,Metabolism,Carbon utilization,boolean,9,9,False,0.003632,0.003632
carbon source: fructose,Metabolism,Carbon utilization,boolean,72,72,False,0.029056,0.029056
carbon source: fucoidan,Metabolism,Carbon utilization,boolean,1,1,False,0.000404,0.000404
carbon source: fucose,Metabolism,Carbon utilization,boolean,5,5,False,0.002018,0.002018
carbon source: galactose,Metabolism,Carbon utilization,boolean,19,19,False,0.007667,0.007667
carbon source: galacturonate,Metabolism,Carbon utilization,boolean,1,1,False,0.000404,0.000404
carbon source: gamma-aminobutyric acid,Metabolism,Carbon utilization,boolean,1,1,False,0.000404,0.000404
carbon source: gelatin,Metabolism,Carbon utilization,boolean,1,1,False,0.000404,0.000404
carbon source: gentiobiose,Metabolism,Carbon utilization,boolean,1,1,False,0.000404,0.000404
carbon source: glucomannan,Metabolism,Carbon utilization,boolean,1,1,False,0.000404,0.000404
carbon source: gluconate,Metabolism,Carbon utilization,boolean,3,3,False,0.001211,0.001211
carbon source: glucosamine,Metabolism,Carbon utilization,boolean,1,1,False,0.000404,0.000404
carbon source: glucose,Metabolism,Carbon utilization,boolean,36,36,False,0.014528,0.014528
carbon source: glutamate,Metabolism,Carbon utilization,boolean,18,18,False,0.007264,0.007264
carbon source: glycerol,Metabolism,Carbon utilization,boolean,18,18,False,0.007264,0.007264
carbon source: glycogen,Metabolism,Carbon utilization,boolean,4,4,False,0.001614,0.001614
carbon source: histidine,Metabolism,Carbon utilization,boolean,3,3,False,0.001211,0.001211
carbon source: inosine,Metabolism,Carbon utilization,boolean,2,2,False,0.000807,0.000807
carbon source: lactate,Metabolism,Carbon utilization,boolean,12,12,False,0.004843,0.004843
carbon source: lactose,Metabolism,Carbon utilization,boolean,13,13,False,0.005246,0.005246
carbon source: laminarin,Metabolism,Carbon utilization,boolean,1,1,False,0.000404,0.000404
carbon source: leucine,Metabolism,Carbon utilization,boolean,8,8,False,0.003228,0.003228
carbon source: malate,Metabolism,Carbon utilization,boolean,18,18,False,0.007264,0.007264
carbon source: malonate,Metabolism,Carbon utilization,boolean,3,3,False,0.001211,0.001211
carbon source: maltose,Metabolism,Carbon utilization,boolean,23,23,False,0.009282,0.009282
carbon source: mannitol,Metabolism,Carbon utilization,boolean,9,9,False,0.003632,0.003632
carbon source: mannose,Metabolism,Carbon utilization,boolean,11,11,False,0.004439,0.004439
carbon source: melibiose,Metabolism,Carbon utilization,boolean,1,1,False,0.000404,0.000404
carbon source: methane,Metabolism,Carbon utilization,boolean,1,1,False,0.000404,0.000404
carbon source: methanol,Metabolism,Carbon utilization,boolean,1,1,False,0.000404,0.000404
carbon source: methyl,Metabolism,Carbon utilization,boolean,1608,0,True,0.64891,0.0
carbon source: methyl pyruvate,Metabolism,Carbon utilization,boolean,1,1,False,0.000404,0.000404
carbon source: methylamine,Metabolism,Carbon utilization,boolean,1,1,False,0.000404,0.000404
carbon source: myo-inositol,Metabolism,Carbon utilization,boolean,4,4,False,0.001614,0.001614
carbon source: ornithine,Metabolism,Carbon utilization,boolean,1,1,False,0.000404,0.000404
carbon source: pectin,Metabolism,Carbon utilization,boolean,1,1,False,0.000404,0.000404
carbon source: proline,Metabolism,Carbon utilization,boolean,2,2,False,0.000807,0.000807
carbon source: propionate,Metabolism,Carbon utilization,boolean,11,11,False,0.004439,0.004439
carbon source: pullulan,Metabolism,Carbon utilization,boolean,1,1,False,0.000404,0.000404
carbon source: pyruvate,Metabolism,Carbon utilization,boolean,8,8,False,0.003228,0.003228
carbon source: raffinose,Metabolism,Carbon utilization,boolean,3,3,False,0.001211,0.001211
carbon source: rhamnose,Metabolism,Carbon utilization,boolean,3,3,False,0.001211,0.001211
carbon source: ribose,Metabolism,Carbon utilization,boolean,8,8,False,0.003228,0.003228
carbon source: salicin,Metabolism,Carbon utilization,boolean,3,3,False,0.001211,0.001211
carbon source: serine,Metabolism,Carbon utilization,boolean,1,1,False,0.000404,0.000404
carbon source: sorbitol,Metabolism,Carbon utilization,boolean,1,1,False,0.000404,0.000404
carbon source: succinate,Metabolism,Carbon utilization,boolean,4,4,False,0.001614,0.001614
carbon source: sucrose,Metabolism,Carbon utilization,boolean,5,5,False,0.002018,0.002018
carbon source: trehalose,Metabolism,Carbon utilization,boolean,4,4,False,0.001614,0.001614
carbon source: tween 20,Metabolism,Carbon utilization,boolean,1,1,False,0.000404,0.000404
carbon source: tween 80,Metabolism,Carbon utilization,boolean,2,2,False,0.000807,0.000807
carbon source: valerate,Metabolism,Carbon utilization,boolean,1,1,False,0.000404,0.000404
carbon source: xylose,Metabolism,Carbon utilization,boolean,6,6,False,0.002421,0.002421
carbon source: yeast extract,Metabolism,Carbon utilization,boolean,1,1,False,0.000404,0.000404
"degradation: 1,3-beta-d-glucan",Metabolism,Catabolic process,boolean,1,1,False,0.000404,0.000404
degradation: 4-nitrophenyl alpha-D-glucopyranoside,Metabolism,Catabolic process,boolean,2,2,False,0.000807,0.000807
degradation: 4-nitrophenyl beta-D-glucopyranoside,Metabolism,Catabolic process,boolean,2,2,False,0.000807,0.000807
degradation: D-arabinose,Metabolism,Catabolic process,boolean,97,97,False,0.039144,0.039144
degradation: D-fructose,Metabolism,Catabolic process,boolean,57,57,False,0.023002,0.023002
degradation: D-glucose,Metabolism,Catabolic process,boolean,38,38,False,0.015335,0.015335
degradation: D-mannose,Metabolism,Catabolic process,boolean,6,6,False,0.002421,0.002421
degradation: D-xylose,Metabolism,Catabolic process,boolean,24,24,False,0.009685,0.009685
degradation: L-glutamate,Metabolism,Catabolic process,boolean,144,144,False,0.058111,0.058111
degradation: adenine,Metabolism,Catabolic process,boolean,5,5,False,0.002018,0.002018
degradation: alanine,Metabolism,Catabolic process,boolean,1,1,False,0.000404,0.000404
degradation: amylose,Metabolism,Catabolic process,boolean,1,1,False,0.000404,0.000404
degradation: arabinogalactan,Metabolism,Catabolic process,boolean,1,1,False,0.000404,0.000404
degradation: arbutin,Metabolism,Catabolic process,boolean,3,3,False,0.001211,0.001211
degradation: arginine,Metabolism,Catabolic process,boolean,3,3,False,0.001211,0.001211
degradation: aromatic compound,Metabolism,Catabolic process,boolean,1608,0,True,0.64891,0.0
degradation: aromatic hydrocarbon,Metabolism,Catabolic process,boolean,1608,0,True,0.64891,0.0
degradation: asparagine,Metabolism,Catabolic process,boolean,1,1,False,0.000404,0.000404
degradation: aspartate,Metabolism,Catabolic process,boolean,1,1,False,0.000404,0.000404
degradation: carboxymethylcellulose,Metabolism,Catabolic process,boolean,5,5,False,0.002018,0.002018
degradation: casein,Metabolism,Catabolic process,boolean,9,9,False,0.003632,0.003632
degradation: cellobiose,Metabolism,Catabolic process,boolean,98,98,False,0.039548,0.039548
degradation: cellulose,Metabolism,Catabolic process,boolean,1608,13,False,0.64891,0.005246
degradation: chitin,Metabolism,Catabolic process,boolean,1608,3,False,0.64891,0.001211
degradation: collagen,Metabolism,Catabolic process,boolean,1,1,False,0.000404,0.000404
degradation: cysteine,Metabolism,Catabolic process,boolean,1,1,False,0.000404,0.000404
degradation: egg yolk,Metabolism,Catabolic process,boolean,1,1,False,0.000404,0.000404
degradation: elastin,Metabolism,Catabolic process,boolean,1,1,False,0.000404,0.000404
degradation: fibrin,Metabolism,Catabolic process,boolean,1,1,False,0.000404,0.000404
degradation: gelatin,Metabolism,Catabolic process,boolean,1,1,False,0.000404,0.000404
degradation: glucomannan,Metabolism,Catabolic process,boolean,1,1,False,0.000404,0.000404
degradation: glucose,Metabolism,Catabolic process,boolean,139,139,False,0.056094,0.056094
degradation: glycine,Metabolism,Catabolic process,boolean,1,1,False,0.000404,0.000404
degradation: histidine,Metabolism,Catabolic process,boolean,1,1,False,0.000404,0.000404
degradation: hydrocarbon,Metabolism,Catabolic process,boolean,1608,0,True,0.64891,0.0
degradation: hydroxyethylcellulose,Metabolism,Catabolic process,boolean,1,1,False,0.000404,0.000404
degradation: inulin,Metabolism,Catabolic process,boolean,1,1,False,0.000404,0.000404
degradation: isoleucine,Metabolism,Catabolic process,boolean,1,1,False,0.000404,0.000404
degradation: lactose,Metabolism,Catabolic process,boolean,30,30,False,0.012107,0.012107
degradation: laminarin,Metabolism,Catabolic process,boolean,1,1,False,0.000404,0.000404
degradation: lignin,Metabolism,Catabolic process,boolean,1608,0,True,0.64891,0.0
degradation: lysine,Metabolism,Catabolic process,boolean,282,282,False,0.113801,0.113801
degradation: maltose,Metabolism,Catabolic process,boolean,28,28,False,0.011299,0.011299
degradation: ornithine,Metabolism,Catabolic process,boolean,196,196,False,0.079096,0.079096
degradation: phenol,Metabolism,Catabolic process,boolean,21,21,False,0.008475,0.008475
degradation: plastic,Metabolism,Catabolic process,boolean,1608,0,True,0.64891,0.0
degradation: salicin,Metabolism,Catabolic process,boolean,7,7,False,0.002825,0.002825
degradation: sucrose,Metabolism,Catabolic process,boolean,4,4,False,0.001614,0.001614
degradation: xylan,Metabolism,Catabolic process,boolean,1,1,False,0.000404,0.000404
denitrification pathway,Metabolism,Denitrification,boolean,1608,0,True,0.64891,0.0
denitrification: nitrate,Metabolism,Denitrification,boolean,1608,0,True,0.64891,0.0
denitrification: nitrite,Metabolism,Denitrification,boolean,1608,0,True,0.64891,0.0
denitrification: nitrous oxide,Metabolism,Denitrification,boolean,1608,0,True,0.64891,0.0
electron acceptor: arsenate,Metabolism,Electron acceptor,boolean,1608,0,True,0.64891,0.0
electron acceptor: dioxygen,Metabolism,Electron acceptor,boolean,1,1,False,0.000404,0.000404
electron acceptor: elemental sulfur,Metabolism,Electron acceptor,boolean,1608,4,False,0.64891,0.001614
electron acceptor: ferric iron,Metabolism,Electron acceptor,boolean,1,1,False,0.000404,0.000404
electron acceptor: fumarate,Metabolism,Electron acceptor,boolean,1608,0,True,0.64891,0.0
electron acceptor: manganese,Metabolism,Electron acceptor,boolean,1608,0,True,0.64891,0.0
electron acceptor: nitrate,Metabolism,Electron acceptor,boolean,1608,4,False,0.64891,0.001614
electron acceptor: nitrite,Metabolism,Electron acceptor,boolean,1608,0,True,0.64891,0.0
electron acceptor: sulfate,Metabolism,Electron acceptor,boolean,1608,1,False,0.64891,0.000404
electron acceptor: sulfite,Metabolism,Electron acceptor,boolean,1608,1,False,0.64891,0.000404
electron acceptor: sulfur compounds,Metabolism,Electron acceptor,boolean,1608,0,True,0.64891,0.0
electron acceptor: tetrathionate,Metabolism,Electron acceptor,boolean,1,1,False,0.000404,0.000404
electron acceptor: thiosulfate,Metabolism,Electron acceptor,boolean,1608,1,False,0.64891,0.000404
electron donor: acetate,Metabolism,Electron donor,boolean,1,1,False,0.000404,0.000404
electron donor: alanine,Metabolism,Electron donor,boolean,1,1,False,0.000404,0.000404
electron donor: butanol,Metabolism,Electron donor,boolean,1,1,False,0.000404,0.000404
electron donor: butyrate,Metabolism,Electron donor,boolean,1,1,False,0.000404,0.000404
electron donor: decanoate,Metabolism,Electron donor,boolean,1,1,False,0.000404,0.000404
electron donor: dithionite,Metabolism,Electron donor,boolean,1,1,False,0.000404,0.000404
electron donor: elemental sulfur,Metabolism,Electron donor,boolean,2,2,False,0.000807,0.000807
electron donor: formate,Metabolism,Electron donor,boolean,1,1,False,0.000404,0.000404
electron donor: sulfide,Metabolism,Electron donor,boolean,1,1,False,0.000404,0.000404
electron donor: thiosulfate,Metabolism,Electron donor,boolean,1,1,False,0.000404,0.000404
energy source: 2-oxoglutarate,Metabolism,Energy source,boolean,1,1,False,0.000404,0.000404
energy source: 3-hydroxybutyrate,Metabolism,Energy source,boolean,1,1,False,0.000404,0.000404
energy source: 4-hydroxybenzoate,Metabolism,Energy source,boolean,1,1,False,0.000404,0.000404
energy source: D-glucose,Metabolism,Energy source,boolean,1,1,False,0.000404,0.000404
energy source: acetate,Metabolism,Energy source,boolean,1,1,False,0.000404,0.000404
energy source: agarose,Metabolism,Energy source,boolean,1,1,False,0.000404,0.000404
energy source: alpha-D-glucose,Metabolism,Energy source,boolean,1,1,False,0.000404,0.000404
energy source: alpha-lactose,Metabolism,Energy source,boolean,1,1,False,0.000404,0.000404
energy source: amygdalin,Metabolism,Energy source,boolean,3,3,False,0.001211,0.001211
energy source: amylopectin,Metabolism,Energy source,boolean,1,1,False,0.000404,0.000404
energy source: arabinose,Metabolism,Energy source,boolean,4,4,False,0.001614,0.001614
energy source: arbutin,Metabolism,Energy source,boolean,1,1,False,0.000404,0.000404
energy source: arginine,Metabolism,Energy source,boolean,1,1,False,0.000404,0.000404
energy source: aspartate,Metabolism,Energy source,boolean,1,1,False,0.000404,0.000404
energy source: betaine,Metabolism,Energy source,boolean,1,1,False,0.000404,0.000404
energy source: casein hydrolysate,Metabolism,Energy source,boolean,1,1,False,0.000404,0.000404
energy source: cellobiose,Metabolism,Energy source,boolean,3,3,False,0.001211,0.001211
energy source: cellulose,Metabolism,Energy source,boolean,1,1,False,0.000404,0.000404
energy source: dextran,Metabolism,Energy source,boolean,1,1,False,0.000404,0.000404
energy source: fructose,Metabolism,Energy source,boolean,3,3,False,0.001211,0.001211
energy source: fucose,Metabolism,Energy source,boolean,2,2,False,0.000807,0.000807
energy source: galactose,Metabolism,Energy source,boolean,3,3,False,0.001211,0.001211
energy source: glucose,Metabolism,Energy source,boolean,2,2,False,0.000807,0.000807
energy source: glutamate,Metabolism,Energy source,boolean,1,1,False,0.000404,0.000404
energy source: glycine,Metabolism,Energy source,boolean,1,1,False,0.000404,0.000404
energy source: tryptophan,Metabolism,Energy source,boolean,225,225,False,0.090799,0.090799
fermentation,Metabolism,Fermentation,boolean,1608,0,True,0.64891,0.0
fermentation: D-fructose,Metabolism,Fermentation,boolean,60,60,False,0.024213,0.024213
fermentation: D-galactose,Metabolism,Fermentation,boolean,1,1,False,0.000404,0.000404
fermentation: D-glucose,Metabolism,Fermentation,boolean,596,596,False,0.240517,0.240517
fermentation: D-mannitol,Metabolism,Fermentation,boolean,440,440,False,0.177563,0.177563
fermentation: D-mannose,Metabolism,Fermentation,boolean,258,258,False,0.104116,0.104116
fermentation: D-ribose,Metabolism,Fermentation,boolean,215,215,False,0.086764,0.086764
fermentation: D-xylose,Metabolism,Fermentation,boolean,163,163,False,0.065779,0.065779
fermentation: L-arabinose,Metabolism,Fermentation,boolean,180,180,False,0.072639,0.072639
fermentation: L-rhamnose,Metabolism,Fermentation,boolean,202,202,False,0.081517,0.081517
fermentation: N-acetylglucosamine,Metabolism,Fermentation,boolean,20,20,False,0.008071,0.008071
fermentation: agarose,Metabolism,Fermentation,boolean,1,1,False,0.000404,0.000404
fermentation: amygdalin,Metabolism,Fermentation,boolean,298,298,False,0.120258,0.120258
fermentation: arabinose,Metabolism,Fermentation,boolean,66,66,False,0.026634,0.026634
fermentation: arbutin,Metabolism,Fermentation,boolean,1,1,False,0.000404,0.000404
fermentation: butanol,Metabolism,Fermentation,boolean,1,1,False,0.000404,0.000404
fermentation: carbon monoxide,Metabolism,Fermentation,boolean,1,1,False,0.000404,0.000404
fermentation: casein hydrolysate,Metabolism,Fermentation,boolean,1,1,False,0.000404,0.000404
fermentation: cellobiose,Metabolism,Fermentation,boolean,64,64,False,0.025827,0.025827
fermentation: cellulose,Metabolism,Fermentation,boolean,3,3,False,0.001211,0.001211
fermentation: erythritol,Metabolism,Fermentation,boolean,2,2,False,0.000807,0.000807
fermentation: ethanol,Metabolism,Fermentation,boolean,1,1,False,0.000404,0.000404
fermentation: fructose,Metabolism,Fermentation,boolean,2,2,False,0.000807,0.000807
fermentation: fumarate,Metabolism,Fermentation,boolean,1,1,False,0.000404,0.000404
fermentation: galactose,Metabolism,Fermentation,boolean,1,1,False,0.000404,0.000404
fermentation: gentiobiose,Metabolism,Fermentation,boolean,1,1,False,0.000404,0.000404
fermentation: glucose,Metabolism,Fermentation,boolean,1582,165,False,0.638418,0.066586
fermentation: glycerol,Metabolism,Fermentation,boolean,2,2,False,0.000807,0.000807
fermentation: glycogen,Metabolism,Fermentation,boolean,96,96,False,0.038741,0.038741
fermentation: inositol,Metabolism,Fermentation,boolean,1,1,False,0.000404,0.000404
fermentation: inuline,Metabolism,Fermentation,boolean,13,13,False,0.005246,0.005246
fermentation: lactose,Metabolism,Fermentation,boolean,273,273,False,0.110169,0.110169
fermentation: maltose,Metabolism,Fermentation,boolean,108,108,False,0.043584,0.043584
fermentation: mannitol,Metabolism,Fermentation,boolean,103,103,False,0.041566,0.041566
fermentation: mannose,Metabolism,Fermentation,boolean,1,1,False,0.000404,0.000404
fermentation: melibiose,Metabolism,Fermentation,boolean,175,175,False,0.070621,0.070621
fermentation: myo-inositol,Metabolism,Fermentation,boolean,116,116,False,0.046812,0.046812
fermentation: raffinose,Metabolism,Fermentation,boolean,132,132,False,0.053269,0.053269
fermentation: rhamnose,Metabolism,Fermentation,boolean,1,1,False,0.000404,0.000404
fermentation: ribose,Metabolism,Fermentation,boolean,2,2,False,0.000807,0.000807
fermentation: sorbitol,Metabolism,Fermentation,boolean,48,48,False,0.01937,0.01937
fermentation: sucrose,Metabolism,Fermentation,boolean,76,76,False,0.03067,0.03067
fermentation: xylose,Metabolism,Fermentation,boolean,13,13,False,0.005246,0.005246
growth: 1-o-methyl alpha-galactopyranoside,Metabolism,Growth,boolean,1,1,False,0.000404,0.000404
growth: 2-dehydro-D-gluconate,Metabolism,Growth,boolean,45,45,False,0.01816,0.01816
growth: 2-oxoglutarate,Metabolism,Growth,boolean,40,40,False,0.016142,0.016142
growth: 3-O-methyl alpha-D-glucopyranoside,Metabolism,Growth,boolean,1,1,False,0.000404,0.000404
growth: 3-O-methyl-D-glucose,Metabolism,Growth,boolean,30,30,False,0.012107,0.012107
growth: 3-aminobutyrate,Metabolism,Growth,boolean,1,1,False,0.000404,0.000404
growth: 3-coumarate,Metabolism,Growth,boolean,30,30,False,0.012107,0.012107
growth: 3-hydroxybenzoate,Metabolism,Growth,boolean,7,7,False,0.002825,0.002825
growth: 3-hydroxybutyrate,Metabolism,Growth,boolean,37,37,False,0.014931,0.014931
growth: 3-phenylpropionate,Metabolism,Growth,boolean,31,31,False,0.01251,0.01251
growth: 4-aminobutyrate,Metabolism,Growth,boolean,3,3,False,0.001211,0.001211
growth: 4-aminovalerate,Metabolism,Growth,boolean,1,1,False,0.000404,0.000404
growth: 4-hydroxybenzoate,Metabolism,Growth,boolean,6,6,False,0.002421,0.002421
growth: 42 degrees Celsius,Metabolism,Growth,boolean,1582,0,True,0.638418,0.0
growth: 5-aminovalerate,Metabolism,Growth,boolean,30,30,False,0.012107,0.012107
growth: 5-dehydro-D-gluconate,Metabolism,Growth,boolean,5,5,False,0.002018,0.002018
growth: 6.5% NaCl,Metabolism,Growth,boolean,1582,0,True,0.638418,0.0
growth: D-arabinose,Metabolism,Growth,boolean,3,3,False,0.001211,0.001211
growth: D-fructose,Metabolism,Growth,boolean,7,7,False,0.002825,0.002825
growth: D-fucose,Metabolism,Growth,boolean,1,1,False,0.000404,0.000404
growth: D-galactose,Metabolism,Growth,boolean,5,5,False,0.002018,0.002018
growth: D-gluconate,Metabolism,Growth,boolean,1,1,False,0.000404,0.000404
growth: D-glucose,Metabolism,Growth,boolean,5,5,False,0.002018,0.002018
growth: D-mannitol,Metabolism,Growth,boolean,1582,5,False,0.638418,0.002018
growth: D-mannose,Metabolism,Growth,boolean,1582,0,True,0.638418,0.0
growth: D-rhamnose,Metabolism,Growth,boolean,1,1,False,0.000404,0.000404
growth: D-ribose,Metabolism,Growth,boolean,3,3,False,0.001211,0.001211
growth: D-sorbitol,Metabolism,Growth,boolean,1582,2,False,0.638418,0.000807
growth: D-xylose,Metabolism,Growth,boolean,1582,1,False,0.638418,0.000404
growth: L-arabinose,Metabolism,Growth,boolean,1582,1,False,0.638418,0.000404
growth: L-asparagine,Metabolism,Growth,boolean,1,1,False,0.000404,0.000404
growth: L-glutamate,Metabolism,Growth,boolean,1,1,False,0.000404,0.000404
growth: L-rhamnose,Metabolism,Growth,boolean,1582,0,True,0.638418,0.0
growth: L-tartrate,Metabolism,Growth,boolean,1,1,False,0.000404,0.000404
growth: MacConkey agar,Metabolism,Growth,boolean,1582,0,True,0.638418,0.0
growth: acetate,Metabolism,Growth,boolean,1582,20,False,0.638418,0.008071
growth: adipate,Metabolism,Growth,boolean,9,9,False,0.003632,0.003632
growth: agar,Metabolism,Growth,boolean,1,1,False,0.000404,0.000404
growth: alpha-D-glucose,Metabolism,Growth,boolean,6,6,False,0.002421,0.002421
growth: alpha-lactose,Metabolism,Growth,boolean,6,6,False,0.002421,0.002421
growth: amygdalin,Metabolism,Growth,boolean,3,3,False,0.001211,0.001211
growth: amylopectin,Metabolism,Growth,boolean,1,1,False,0.000404,0.000404
growth: anoxygenic photoautotrophy,Metabolism,Growth,boolean,1608,0,True,0.64891,0.0
growth: arabinose,Metabolism,Growth,boolean,18,18,False,0.007264,0.007264
growth: arbutin,Metabolism,Growth,boolean,6,6,False,0.002421,0.002421
growth: arginine,Metabolism,Growth,boolean,1,1,False,0.000404,0.000404
growth: azelaate,Metabolism,Growth,boolean,1,1,False,0.000404,0.000404
growth: benzoate,Metabolism,Growth,boolean,3,3,False,0.001211,0.001211
growth: beta-alanine,Metabolism,Growth,boolean,15,15,False,0.006053,0.006053
growth: beta-phenylethylamine,Metabolism,Growth,boolean,6,6,False,0.002421,0.002421
growth: bile acid susceptible,Metabolism,Growth,boolean,1582,0,True,0.638418,0.0
growth: blood agar,Metabolism,Growth,boolean,1582,0,True,0.638418,0.0
growth: butanol,Metabolism,Growth,boolean,2,2,False,0.000807,0.000807
growth: butyrate,Metabolism,Growth,boolean,4,4,False,0.001614,0.001614
growth: carboxymethylcellulose,Metabolism,Growth,boolean,2,2,False,0.000807,0.000807
growth: carrageenan,Metabolism,Growth,boolean,1,1,False,0.000404,0.000404
growth: casamino acids,Metabolism,Growth,boolean,6,6,False,0.002421,0.002421
growth: cellobiose,Metabolism,Growth,boolean,1583,12,False,0.638822,0.004843
growth: cellulose,Metabolism,Growth,boolean,17,17,False,0.00686,0.00686
growth: chemoheterotrophy,Metabolism,Growth,boolean,1608,0,True,0.64891,0.0
growth: citrate,Metabolism,Growth,boolean,17,17,False,0.00686,0.00686
growth: cysteine,Metabolism,Growth,boolean,1,1,False,0.000404,0.000404
growth: dextrin,Metabolism,Growth,boolean,1,1,False,0.000404,0.000404
growth: erythritol,Metabolism,Growth,boolean,1,1,False,0.000404,0.000404
growth: esculin,Metabolism,Growth,boolean,3,3,False,0.001211,0.001211
growth: ethanol,Metabolism,Growth,boolean,1,1,False,0.000404,0.000404
growth: formate,Metabolism,Growth,boolean,1,1,False,0.000404,0.000404
growth: fructose,Metabolism,Growth,boolean,13,13,False,0.005246,0.005246
growth: fumarate,Metabolism,Growth,boolean,1,1,False,0.000404,0.000404
growth: galactitol,Metabolism,Growth,boolean,2,2,False,0.000807,0.000807
growth: glucose,Metabolism,Growth,boolean,17,17,False,0.00686,0.00686
growth: glycerol,Metabolism,Growth,boolean,1582,2,False,0.638418,0.000807
growth: glycine,Metabolism,Growth,boolean,1,1,False,0.000404,0.000404
growth: lactate,Metabolism,Growth,boolean,1,1,False,0.000404,0.000404
growth: lactose,Metabolism,Growth,boolean,1582,2,False,0.638418,0.000807
growth: malonate,Metabolism,Growth,boolean,1582,0,True,0.638418,0.0
growth: maltose,Metabolism,Growth,boolean,1582,0,True,0.638418,0.0
growth: melezitose,Metabolism,Growth,boolean,1,1,False,0.000404,0.000404
growth: melibiose,Metabolism,Growth,boolean,1582,0,True,0.638418,0.0
growth: methanol,Metabolism,Growth,boolean,1,1,False,0.000404,0.000404
growth: myo-inositol,Metabolism,Growth,boolean,1582,2,False,0.638418,0.000807
growth: photoautotrophy,Metabolism,Growth,boolean,1608,0,True,0.64891,0.0
growth: photoheterotrophy,Metabolism,Growth,boolean,1608,0,True,0.64891,0.0
growth: phototrophy,Metabolism,Growth,boolean,1608,0,True,0.64891,0.0
growth: potassium cyanide,Metabolism,Growth,boolean,1582,0,True,0.638418,0.0
growth: raffinose,Metabolism,Growth,boolean,1582,0,True,0.638418,0.0
growth: salicin,Metabolism,Growth,boolean,1582,1,False,0.638418,0.000404
growth: sucrose,Metabolism,Growth,boolean,1582,0,True,0.638418,0.0
growth: tartrate,Metabolism,Growth,boolean,1582,0,True,0.638418,0.0
growth: thiosulfate,Metabolism,Growth,boolean,2,2,False,0.000807,0.000807
growth: trehalose,Metabolism,Growth,boolean,1582,0,True,0.638418,0.0
"growth: yeast extract (0.01 %, w/v)",Metabolism,Growth,boolean,1,1,False,0.000404,0.000404
hydrolysis: 1h-indol-3-ylacetic acid,Metabolism,Hydrolase activity,boolean,1,1,False,0.000404,0.000404
hydrolysis: 2-naphthyl dihydrogen phosphate,Metabolism,Hydrolase activity,boolean,1,1,False,0.000404,0.000404
hydrolysis: 4-nitrophenyl N-acetyl-beta-D-glucosaminide,Metabolism,Hydrolase activity,boolean,1,1,False,0.000404,0.000404
hydrolysis: 4-nitrophenyl beta-D-galactopyranoside,Metabolism,Hydrolase activity,boolean,1582,0,True,0.638418,0.0
hydrolysis: D-glucose,Metabolism,Hydrolase activity,boolean,1,1,False,0.000404,0.000404
hydrolysis: acetamide,Metabolism,Hydrolase activity,boolean,2,2,False,0.000807,0.000807
hydrolysis: adenine,Metabolism,Hydrolase activity,boolean,3,3,False,0.001211,0.001211
hydrolysis: agar,Metabolism,Hydrolase activity,boolean,1,1,False,0.000404,0.000404
hydrolysis: alginate,Metabolism,Hydrolase activity,boolean,1,1,False,0.000404,0.000404
hydrolysis: allantoin,Metabolism,Hydrolase activity,boolean,2,2,False,0.000807,0.000807
hydrolysis: arbutin,Metabolism,Hydrolase activity,boolean,2,2,False,0.000807,0.000807
hydrolysis: arginine,Metabolism,Hydrolase activity,boolean,845,845,False,0.341001,0.341001
hydrolysis: carboxymethylcellulose,Metabolism,Hydrolase activity,boolean,1,1,False,0.000404,0.000404
hydrolysis: casein,Metabolism,Hydrolase activity,boolean,1583,16,False,0.638822,0.006457
hydrolysis: cellulose,Metabolism,Hydrolase activity,boolean,6,6,False,0.002421,0.002421
hydrolysis: chitin,Metabolism,Hydrolase activity,boolean,2,2,False,0.000807,0.000807
hydrolysis: chitosan,Metabolism,Hydrolase activity,boolean,1,1,False,0.000404,0.000404
hydrolysis: esculin,Metabolism,Hydrolase activity,boolean,1592,659,False,0.642454,0.26594
hydrolysis: gelatin,Metabolism,Hydrolase activity,boolean,1594,581,False,0.643261,0.234463
hydrolysis: hippurate,Metabolism,Hydrolase activity,boolean,335,335,False,0.13519,0.13519
hydrolysis: hydroxyethylcellulose,Metabolism,Hydrolase activity,boolean,1,1,False,0.000404,0.000404
hydrolysis: pyrazinamide,Metabolism,Hydrolase activity,boolean,1,1,False,0.000404,0.000404
hydrolysis: starch,Metabolism,Hydrolase activity,boolean,1582,1,False,0.638418,0.000404
hydrolysis: tributyrin,Metabolism,Hydrolase activity,boolean,44,44,False,0.017756,0.017756
hydrolysis: urea,Metabolism,Hydrolase activity,boolean,1617,262,False,0.652542,0.10573
hydrolysis: xylan,Metabolism,Hydrolase activity,boolean,1608,0,True,0.64891,0.0
voges-proskauer test,Metabolism,Metabolite tests,boolean,1599,749,False,0.645278,0.30226
nitrification,Metabolism,Nitrification,boolean,1608,0,True,0.64891,0.0
nitrogen source: ammonia,Metabolism,Nitrogen source,boolean,1,1,False,0.000404,0.000404
nitrogen source: ammonium,Metabolism,Nitrogen source,boolean,4,4,False,0.001614,0.001614
nitrogen source: nitrate,Metabolism,Nitrogen source,boolean,1,1,False,0.000404,0.000404
nitrogen source: nitrite,Metabolism,Nitrogen source,boolean,1,1,False,0.000404,0.000404
nitrogen source: urea,Metabolism,Nitrogen source,boolean,1,1,False,0.000404,0.000404
oxidation: D-glucose,Metabolism,Oxidation,boolean,1,1,False,0.000404,0.000404
oxidation: acetate,Metabolism,Oxidation,boolean,1,1,False,0.000404,0.000404
oxidation: ammonia,Metabolism,Oxidation,boolean,1608,1,False,0.64891,0.000404
oxidation: ethanol,Metabolism,Oxidation,boolean,1,1,False,0.000404,0.000404
oxidation: glucose,Metabolism,Oxidation,boolean,1582,0,True,0.638418,0.0
oxidation: lactate,Metabolism,Oxidation,boolean,2,2,False,0.000807,0.000807
oxidation: manganese,Metabolism,Oxidation,boolean,1608,0,True,0.64891,0.0
oxidation: methanol,Metabolism,Oxidation,boolean,1608,0,True,0.64891,0.0
oxidation: pyruvate,Metabolism,Oxidation,boolean,1,1,False,0.000404,0.000404
oxidation: succinate,Metabolism,Oxidation,boolean,1,1,False,0.000404,0.000404
oxidation in darkness: hydrogen,Metabolism,Oxidation in darkness,boolean,1608,0,True,0.64891,0.0
oxidation in darkness: iron,Metabolism,Oxidation in darkness,boolean,1608,0,True,0.64891,0.0
oxidation in darkness: sulfide,Metabolism,Oxidation in darkness,boolean,1608,0,True,0.64891,0.0
oxidation in darkness: sulfur compounds,Metabolism,Oxidation in darkness,boolean,1608,0,True,0.64891,0.0
produces: (S)-lactate,Metabolism,Produces metabolite,boolean,2,2,False,0.000807,0.000807
"produces: 2,5-didehydro-D-gluconic acid",Metabolism,Produces metabolite,boolean,1,1,False,0.000404,0.000404
produces: 2-dehydro-D-gluconate,Metabolism,Produces metabolite,boolean,1,1,False,0.000404,0.000404
produces: 4-fluoro-L-threonine,Metabolism,Produces metabolite,boolean,2,2,False,0.000807,0.000807
produces: 6-Aminopenicillanic acid,Metabolism,Produces metabolite,boolean,4,4,False,0.001614,0.001614
produces: DL-lactate,Metabolism,Produces metabolite,boolean,2,2,False,0.000807,0.000807
produces: L-glutamate,Metabolism,Produces metabolite,boolean,6,6,False,0.002421,0.002421
produces: L-sorbosone,Metabolism,Produces metabolite,boolean,1,1,False,0.000404,0.000404
produces: acetate,Metabolism,Produces metabolite,boolean,1608,12,False,0.64891,0.004843
produces: acetoin,Metabolism,Produces metabolite,boolean,622,622,False,0.251009,0.251009
produces: acetone,Metabolism,Produces metabolite,boolean,7,7,False,0.002825,0.002825
produces: acetylcholine,Metabolism,Produces metabolite,boolean,2,2,False,0.000807,0.000807
produces: achromycin,Metabolism,Produces metabolite,boolean,1,1,False,0.000404,0.000404
produces: actinomycin,Metabolism,Produces metabolite,boolean,1,1,False,0.000404,0.000404
produces: actinomycin A,Metabolism,Produces metabolite,boolean,1,1,False,0.000404,0.000404
produces: actinomycin B,Metabolism,Produces metabolite,boolean,1,1,False,0.000404,0.000404
produces: actinomycin C,Metabolism,Produces metabolite,boolean,1,1,False,0.000404,0.000404
produces: actinomycin X,Metabolism,Produces metabolite,boolean,2,2,False,0.000807,0.000807
produces: alanine,Metabolism,Produces metabolite,boolean,1,1,False,0.000404,0.000404
produces: alpha-Lipomycin,Metabolism,Produces metabolite,boolean,1,1,False,0.000404,0.000404
produces: althiomycin,Metabolism,Produces metabolite,boolean,1,1,False,0.000404,0.000404
produces: ammonia,Metabolism,Produces metabolite,boolean,2,2,False,0.000807,0.000807
produces: aurachin RE,Metabolism,Produces metabolite,boolean,3,3,False,0.001211,0.001211
produces: aureothricin,Metabolism,Produces metabolite,boolean,2,2,False,0.000807,0.000807
produces: avermectin,Metabolism,Produces metabolite,boolean,1,1,False,0.000404,0.000404
produces: azacolutin,Metabolism,Produces metabolite,boolean,1,1,False,0.000404,0.000404
produces: bacteriochlorophyll a,Metabolism,Produces metabolite,boolean,1,1,False,0.000404,0.000404
produces: bacteriocin ISK-1,Metabolism,Produces metabolite,boolean,1,1,False,0.000404,0.000404
produces: bambermycin,Metabolism,Produces metabolite,boolean,1,1,False,0.000404,0.000404
produces: beta-Lipomycin,Metabolism,Produces metabolite,boolean,1,1,False,0.000404,0.000404
produces: beta-ethynylserine,Metabolism,Produces metabolite,boolean,2,2,False,0.000807,0.000807
produces: bicyclomycin,Metabolism,Produces metabolite,boolean,1,1,False,0.000404,0.000404
produces: boromycin,Metabolism,Produces metabolite,boolean,1,1,False,0.000404,0.000404
produces: butanol,Metabolism,Produces metabolite,boolean,3,3,False,0.001211,0.001211
produces: butyrate,Metabolism,Produces metabolite,boolean,2,2,False,0.000807,0.000807
produces: butyricin 7423,Metabolism,Produces metabolite,boolean,1,1,False,0.000404,0.000404
produces: carbomycin,Metabolism,Produces metabolite,boolean,1,1,False,0.000404,0.000404
produces: carbon dioxide,Metabolism,Produces metabolite,boolean,4,4,False,0.001614,0.001614
produces: carotenoid,Metabolism,Produces metabolite,boolean,1,1,False,0.000404,0.000404
produces: caryomycin,Metabolism,Produces metabolite,boolean,1,1,False,0.000404,0.000404
produces: cellulose,Metabolism,Produces metabolite,boolean,1,1,False,0.000404,0.000404
produces: cephalosporin,Metabolism,Produces metabolite,boolean,2,2,False,0.000807,0.000807
produces: cephamycin B,Metabolism,Produces metabolite,boolean,2,2,False,0.000807,0.000807
produces: cephamycin C,Metabolism,Produces metabolite,boolean,2,2,False,0.000807,0.000807
produces: chloramphenicol,Metabolism,Produces metabolite,boolean,2,2,False,0.000807,0.000807
produces: chlororaphin,Metabolism,Produces metabolite,boolean,1,1,False,0.000404,0.000404
produces: chlorothricin,Metabolism,Produces metabolite,boolean,1,1,False,0.000404,0.000404
produces: chlortetracycline,Metabolism,Produces metabolite,boolean,3,3,False,0.001211,0.001211
produces: cinnamycin,Metabolism,Produces metabolite,boolean,1,1,False,0.000404,0.000404
produces: clavulanate,Metabolism,Produces metabolite,boolean,2,2,False,0.000807,0.000807
produces: cobalamin,Metabolism,Produces metabolite,boolean,1,1,False,0.000404,0.000404
produces: collinomycin,Metabolism,Produces metabolite,boolean,1,1,False,0.000404,0.000404
produces: congocidin,Metabolism,Produces metabolite,boolean,1,1,False,0.000404,0.000404
produces: cycloheximide,Metabolism,Produces metabolite,boolean,3,3,False,0.001211,0.001211
produces: cycloviracin B1,Metabolism,Produces metabolite,boolean,1,1,False,0.000404,0.000404
produces: cycloviracin B2,Metabolism,Produces metabolite,boolean,1,1,False,0.000404,0.000404
produces: danubomycin,Metabolism,Produces metabolite,boolean,2,2,False,0.000807,0.000807
produces: daunorubicin,Metabolism,Produces metabolite,boolean,2,2,False,0.000807,0.000807
produces: demecycline,Metabolism,Produces metabolite,boolean,2,2,False,0.000807,0.000807
produces: dextran,Metabolism,Produces metabolite,boolean,3,3,False,0.001211,0.001211
produces: dihydrogen,Metabolism,Produces metabolite,boolean,5,5,False,0.002018,0.002018
produces: dihydroxyacetone,Metabolism,Produces metabolite,boolean,4,4,False,0.001614,0.001614
produces: dinitrogen,Metabolism,Produces metabolite,boolean,183,183,False,0.07385,0.07385
produces: doxorubicin,Metabolism,Produces metabolite,boolean,2,2,False,0.000807,0.000807
produces: elaiophylin,Metabolism,Produces metabolite,boolean,1,1,False,0.000404,0.000404
produces: elemental sulfur,Metabolism,Produces metabolite,boolean,1,1,False,0.000404,0.000404
produces: erythromycin A,Metabolism,Produces metabolite,boolean,2,2,False,0.000807,0.000807
produces: erythromycin B,Metabolism,Produces metabolite,boolean,2,2,False,0.000807,0.000807
produces: ethanol,Metabolism,Produces metabolite,boolean,7,7,False,0.002825,0.002825
produces: ferrioxamine E,Metabolism,Produces metabolite,boolean,1,1,False,0.000404,0.000404
produces: fluorescein,Metabolism,Produces metabolite,boolean,6,6,False,0.002421,0.002421
produces: fluoroacetate,Metabolism,Produces metabolite,boolean,2,2,False,0.000807,0.000807
produces: formate,Metabolism,Produces metabolite,boolean,3,3,False,0.001211,0.001211
produces: fungichromin,Metabolism,Produces metabolite,boolean,1,1,False,0.000404,0.000404
produces: gamma-aminobutyric acid,Metabolism,Produces metabolite,boolean,3,3,False,0.001211,0.001211
produces: geldanamycin,Metabolism,Produces metabolite,boolean,3,3,False,0.001211,0.001211
produces: gentamicin,Metabolism,Produces metabolite,boolean,1,1,False,0.000404,0.000404
produces: glufosinate,Metabolism,Produces metabolite,boolean,3,3,False,0.001211,0.001211
produces: glutamate,Metabolism,Produces metabolite,boolean,1,1,False,0.000404,0.000404
produces: grasseriomycin,Metabolism,Produces metabolite,boolean,1,1,False,0.000404,0.000404
produces: grisemycin,Metabolism,Produces metabolite,boolean,1,1,False,0.000404,0.000404
produces: griseoviridin,Metabolism,Produces metabolite,boolean,1,1,False,0.000404,0.000404
produces: guamecycline,Metabolism,Produces metabolite,boolean,1,1,False,0.000404,0.000404
produces: hydrogen sulfide,Metabolism,Produces metabolite,boolean,1595,494,False,0.643664,0.199354
produces: hydroxystreptomycin,Metabolism,Produces metabolite,boolean,2,2,False,0.000807,0.000807
produces: hygromycin,Metabolism,Produces metabolite,boolean,3,3,False,0.001211,0.001211
produces: indole,Metabolism,Produces metabolite,boolean,1077,1077,False,0.434625,0.434625
produces: isobutyrate,Metabolism,Produces metabolite,boolean,1,1,False,0.000404,0.000404
produces: isoleucine,Metabolism,Produces metabolite,boolean,1,1,False,0.000404,0.000404
produces: isovalerate,Metabolism,Produces metabolite,boolean,1,1,False,0.000404,0.000404
produces: kanamycin,Metabolism,Produces metabolite,boolean,1,1,False,0.000404,0.000404
produces: kasugamycin,Metabolism,Produces metabolite,boolean,2,2,False,0.000807,0.000807
produces: ketomycin,Metabolism,Produces metabolite,boolean,1,1,False,0.000404,0.000404
produces: kijanimicin,Metabolism,Produces metabolite,boolean,1,1,False,0.000404,0.000404
produces: lactate,Metabolism,Produces metabolite,boolean,3,3,False,0.001211,0.001211
produces: lancovutide,Metabolism,Produces metabolite,boolean,1,1,False,0.000404,0.000404
produces: leucine,Metabolism,Produces metabolite,boolean,1,1,False,0.000404,0.000404
produces: lincomycin,Metabolism,Produces metabolite,boolean,1,1,False,0.000404,0.000404
produces: lipoxamycin,Metabolism,Produces metabolite,boolean,2,2,False,0.000807,0.000807
produces: lysine,Metabolism,Produces metabolite,boolean,1,1,False,0.000404,0.000404
produces: methane from acetate,Metabolism,Produces metabolite,boolean,1608,0,True,0.64891,0.0
produces: methane from formate,Metabolism,Produces metabolite,boolean,1608,0,True,0.64891,0.0
produces: minimycin,Metabolism,Produces metabolite,boolean,3,3,False,0.001211,0.001211
produces: monazomycin,Metabolism,Produces metabolite,boolean,1,1,False,0.000404,0.000404
produces: mycobacidin,Metabolism,Produces metabolite,boolean,2,2,False,0.000807,0.000807
produces: n-butanol,Metabolism,Produces metabolite,boolean,6,6,False,0.002421,0.002421
produces: neomycin,Metabolism,Produces metabolite,boolean,2,2,False,0.000807,0.000807
produces: niacin,Metabolism,Produces metabolite,boolean,10,10,False,0.004036,0.004036
produces: nigericin,Metabolism,Produces metabolite,boolean,3,3,False,0.001211,0.001211
produces: nitraminoacetic acid,Metabolism,Produces metabolite,boolean,1,1,False,0.000404,0.000404
produces: nitrite,Metabolism,Produces metabolite,boolean,196,196,False,0.079096,0.079096
produces: nocamycin,Metabolism,Produces metabolite,boolean,1,1,False,0.000404,0.000404
produces: noformicin,Metabolism,Produces metabolite,boolean,2,2,False,0.000807,0.000807
produces: nogalamycin,Metabolism,Produces metabolite,boolean,1,1,False,0.000404,0.000404
produces: novobiocin,Metabolism,Produces metabolite,boolean,1,1,False,0.000404,0.000404
produces: nystatin,Metabolism,Produces metabolite,boolean,1,1,False,0.000404,0.000404
produces: oxytetracycline,Metabolism,Produces metabolite,boolean,2,2,False,0.000807,0.000807
produces: pamamycin,Metabolism,Produces metabolite,boolean,1,1,False,0.000404,0.000404
produces: paromomycin,Metabolism,Produces metabolite,boolean,1,1,False,0.000404,0.000404
produces: penicillin N,Metabolism,Produces metabolite,boolean,2,2,False,0.000807,0.000807
produces: poly(L-lysine) polymer,Metabolism,Produces metabolite,boolean,2,2,False,0.000807,0.000807
produces: polyhydroxybutyrate,Metabolism,Produces metabolite,boolean,1,1,False,0.000404,0.000404
produces: polysaccharides,Metabolism,Produces metabolite,boolean,40,40,False,0.016142,0.016142
produces: primocarcin,Metabolism,Produces metabolite,boolean,1,1,False,0.000404,0.000404
produces: pristinamycin,Metabolism,Produces metabolite,boolean,3,3,False,0.001211,0.001211
produces: proline,Metabolism,Produces metabolite,boolean,1,1,False,0.000404,0.000404
produces: propionate,Metabolism,Produces metabolite,boolean,1,1,False,0.000404,0.000404
produces: pyochelin,Metabolism,Produces metabolite,boolean,6,6,False,0.002421,0.002421
produces: pyocyanine,Metabolism,Produces metabolite,boolean,6,6,False,0.002421,0.002421
produces: racemomycin E,Metabolism,Produces metabolite,boolean,1,1,False,0.000404,0.000404
produces: resistomycin,Metabolism,Produces metabolite,boolean,1,1,False,0.000404,0.000404
produces: rifamycin,Metabolism,Produces metabolite,boolean,2,2,False,0.000807,0.000807
produces: rimocidine,Metabolism,Produces metabolite,boolean,2,2,False,0.000807,0.000807
produces: ristocetin,Metabolism,Produces metabolite,boolean,1,1,False,0.000404,0.000404
produces: roseoflavin,Metabolism,Produces metabolite,boolean,1,1,False,0.000404,0.000404
produces: salinomycin,Metabolism,Produces metabolite,boolean,1,1,False,0.000404,0.000404
produces: setamycin,Metabolism,Produces metabolite,boolean,2,2,False,0.000807,0.000807
produces: showdomycin,Metabolism,Produces metabolite,boolean,1,1,False,0.000404,0.000404
produces: spectinomycin,Metabolism,Produces metabolite,boolean,1,1,False,0.000404,0.000404
produces: spinosyn,Metabolism,Produces metabolite,boolean,2,2,False,0.000807,0.000807
produces: spiramycin,Metabolism,Produces metabolite,boolean,1,1,False,0.000404,0.000404
produces: staphylomycin M1,Metabolism,Produces metabolite,boolean,1,1,False,0.000404,0.000404
produces: streptomycin,Metabolism,Produces metabolite,boolean,4,4,False,0.001614,0.001614
produces: streptothricin,Metabolism,Produces metabolite,boolean,1,1,False,0.000404,0.000404
produces: streptovaricin,Metabolism,Produces metabolite,boolean,1,1,False,0.000404,0.000404
produces: synergistin A,Metabolism,Produces metabolite,boolean,1,1,False,0.000404,0.000404
produces: tetracycline,Metabolism,Produces metabolite,boolean,3,3,False,0.001211,0.001211
produces: thienamycin,Metabolism,Produces metabolite,boolean,4,4,False,0.001614,0.001614
produces: thiolutin,Metabolism,Produces metabolite,boolean,2,2,False,0.000807,0.000807
produces: thiostrepton,Metabolism,Produces metabolite,boolean,1,1,False,0.000404,0.000404
produces: tobramycin,Metabolism,Produces metabolite,boolean,1,1,False,0.000404,0.000404
produces: toluene,Metabolism,Produces metabolite,boolean,1,1,False,0.000404,0.000404
produces: trichomycin,Metabolism,Produces metabolite,boolean,1,1,False,0.000404,0.000404
produces: tryptophan,Metabolism,Produces metabolite,boolean,1,1,False,0.000404,0.000404
produces: tuberactinamine A,Metabolism,Produces metabolite,boolean,1,1,False,0.000404,0.000404
produces: tuberactinomycin,Metabolism,Produces metabolite,boolean,1,1,False,0.000404,0.000404
produces: validamycin,Metabolism,Produces metabolite,boolean,3,3,False,0.001211,0.001211
produces: valine,Metabolism,Produces metabolite,boolean,1,1,False,0.000404,0.000404
produces: vancomycin,Metabolism,Produces metabolite,boolean,1,1,False,0.000404,0.000404
produces: venturicidin A,Metabolism,Produces metabolite,boolean,2,2,False,0.000807,0.000807
produces: venturicidin B,Metabolism,Produces metabolite,boolean,2,2,False,0.000807,0.000807
produces: viomycin,Metabolism,Produces metabolite,boolean,1,1,False,0.000404,0.000404
produces: viridogrisein,Metabolism,Produces metabolite,boolean,1,1,False,0.000404,0.000404
produces: vitamin B12,Metabolism,Produces metabolite,boolean,2,2,False,0.000807,0.000807
produces: vulgamycin,Metabolism,Produces metabolite,boolean,3,3,False,0.001211,0.001211
reduction: acetylene,Metabolism,Reduction,boolean,1,1,False,0.000404,0.000404
reduction: arsenate,Metabolism,Reduction,boolean,1608,0,True,0.64891,0.0
reduction: arsenate detoxification,Metabolism,Reduction,boolean,1608,0,True,0.64891,0.0
reduction: cefuroxime,Metabolism,Reduction,boolean,1,1,False,0.000404,0.000404
reduction: chlorate,Metabolism,Reduction,boolean,1608,0,True,0.64891,0.0
reduction: clindamycin,Metabolism,Reduction,boolean,1,1,False,0.000404,0.000404
reduction: elemental sulfur,Metabolism,Reduction,boolean,2,2,False,0.000807,0.000807
reduction: nitrate,Metabolism,Reduction,boolean,1621,691,False,0.654157,0.278854
reduction: nitrite,Metabolism,Reduction,boolean,1587,574,False,0.640436,0.231638
reduction: selenite,Metabolism,Reduction,boolean,1,1,False,0.000404,0.000404
reduction: sulfate,Metabolism,Reduction,boolean,2,2,False,0.000807,0.000807
reduction: sulfite,Metabolism,Reduction,boolean,1,1,False,0.000404,0.000404
reduction: thiosulfate,Metabolism,Reduction,boolean,2,2,False,0.000807,0.000807
reduction: triphenyltetrazolium chloride,Metabolism,Reduction,boolean,25,25,False,0.010089,0.010089
required for growth: biotin,Metabolism,Required for growth,boolean,1,1,False,0.000404,0.000404
respiration: 2-oxobutanoate,Metabolism,Respiration,boolean,5,5,False,0.002018,0.002018
respiration: D-glucarate,Metabolism,Respiration,boolean,5,5,False,0.002018,0.002018
respiration: iron,Metabolism,Respiration,boolean,1608,0,True,0.64891,0.0
respiration: nitrate,Metabolism,Respiration,boolean,286,286,False,0.115416,0.115416
respiration: nitrogen,Metabolism,Respiration,boolean,1608,0,True,0.64891,0.0
utilizes: 2-dehydro-D-gluconate,Metabolism,Utilizes metabolite,boolean,4,4,False,0.001614,0.001614
utilizes: 5-oxoproline,Metabolism,Utilizes metabolite,boolean,3,3,False,0.001211,0.001211
utilizes: D-mannitol,Metabolism,Utilizes metabolite,boolean,1,1,False,0.000404,0.000404
utilizes: D-mannose,Metabolism,Utilizes metabolite,boolean,1,1,False,0.000404,0.000404
utilizes: D-xylose,Metabolism,Utilizes metabolite,boolean,1,1,False,0.000404,0.000404
utilizes: L-rhamnose,Metabolism,Utilizes metabolite,boolean,1,1,False,0.000404,0.000404
utilizes: acetoin,Metabolism,Utilizes metabolite,boolean,2,2,False,0.000807,0.000807
utilizes: adenine,Metabolism,Utilizes metabolite,boolean,2,2,False,0.000807,0.000807
utilizes: arabinose,Metabolism,Utilizes metabolite,boolean,96,96,False,0.038741,0.038741
utilizes: arginine,Metabolism,Utilizes metabolite,boolean,3,3,False,0.001211,0.001211
utilizes: casein,Metabolism,Utilizes metabolite,boolean,2,2,False,0.000807,0.000807
utilizes: cellobiose,Metabolism,Utilizes metabolite,boolean,4,4,False,0.001614,0.001614
utilizes: cellulose,Metabolism,Utilizes metabolite,boolean,86,86,False,0.034705,0.034705
utilizes: citrate,Metabolism,Utilizes metabolite,boolean,1582,4,False,0.638418,0.001614
utilizes: fructose,Metabolism,Utilizes metabolite,boolean,57,57,False,0.023002,0.023002
utilizes: galactarate,Metabolism,Utilizes metabolite,boolean,1582,0,True,0.638418,0.0
utilizes: gelatin,Metabolism,Utilizes metabolite,boolean,1,1,False,0.000404,0.000404
utilizes: glucose,Metabolism,Utilizes metabolite,boolean,56,56,False,0.022599,0.022599
utilizes: lactose,Metabolism,Utilizes metabolite,boolean,1,1,False,0.000404,0.000404
utilizes: mannitol,Metabolism,Utilizes metabolite,boolean,50,50,False,0.020178,0.020178
utilizes: myo-inositol,Metabolism,Utilizes metabolite,boolean,48,48,False,0.01937,0.01937
utilizes: raffinose,Metabolism,Utilizes metabolite,boolean,5,5,False,0.002018,0.002018
utilizes: rhamnose,Metabolism,Utilizes metabolite,boolean,3,3,False,0.001211,0.001211
utilizes: sucrose,Metabolism,Utilizes metabolite,boolean,3,3,False,0.001211,0.001211
utilizes: xylose,Metabolism,Utilizes metabolite,boolean,3,3,False,0.001211,0.001211
indole test,Metabolites,Metabolite tests,boolean,1599,848,False,0.645278,0.342211
methyl red test,Metabolites,Metabolite tests,boolean,1589,457,False,0.641243,0.184423
presence of hemolysis,Metabolites,Metabolite tests,factor,1583,210,False,0.638822,0.084746
flagellum arrangement,Morphology,Cell appendages,factor,85,85,False,0.034302,0.034302
gram negative,Morphology,Cell envelope,boolean,1582,0,True,0.638418,0.0
gram positive,Morphology,Cell envelope,boolean,1637,1627,False,0.660613,0.656578
cell color,Morphology,Cell morphology,factor,176,176,False,0.071025,0.071025
cell color: yellow pigment,Morphology,Cell morphology,boolean,1582,0,True,0.638418,0.0
cell shape,Morphology,Cell morphology,factor,1506,1506,False,0.607748,0.607748
cell length,Morphology,Cell size phenotype,µm,179,179,False,0.072236,0.072236
cell length maximum,Morphology,Cell size phenotype,µm,220,220,False,0.088781,0.088781
cell length minimum,Morphology,Cell size phenotype,µm,220,220,False,0.088781,0.088781
cell width,Morphology,Cell size phenotype,µm,201,201,False,0.081114,0.081114
cell width maximum,Morphology,Cell size phenotype,µm,237,237,False,0.095642,0.095642
cell width minimum,Morphology,Cell size phenotype,µm,237,237,False,0.095642,0.095642
presence of motility,Physiology,Motility,boolean,1626,1454,False,0.656174,0.586764
sporulation,Physiology,Sporulation,boolean,1623,1262,False,0.654964,0.509282
biosafety level,Safety,Biosafety level,factor,1477,1477,False,0.596045,0.596045
