source_signature,taxonomy_group,mapped_pass_uid_count,inside_original_2478_universe,metatraits_local_snapshot_covered,bacdive_closure_available_if_checked,recommended_status,example_pass_uids,taxid,organism_name,source_resolution_level,metatraits_coverage_probe_present,bacdive_prior_2478_closure_present,notes
proteome:UP000002076,target_bacteria,1,false,not_checked,NOT_IN_PRIOR_2478_CLOSURE,PENDING_TEACHER_DECISION,P0DV34,604162,Neisseria meningitidis serogroup C (strain 8013),proteome,not_checked,false,"Delta rescued-asset-linked source outside original 2,478 universe; pending teacher decision; not merged into main lookup"
proteome:UP000002670,target_bacteria,1,false,not_checked,NOT_IN_PRIOR_2478_CLOSURE,PENDING_TEACHER_DECISION,P0DX97,90370,Salmonella typhi,proteome,not_checked,false,"Delta rescued-asset-linked source outside original 2,478 universe; pending teacher decision; not merged into main lookup"
proteome:UP000006650,target_bacteria,2,false,not_checked,NOT_IN_PRIOR_2478_CLOSURE,PENDING_TEACHER_DECISION,C7M8J5; C7M8J6,521097,Capnocytophaga ochracea (strain ATCC 27872 / DSM 7271 / CCUG 9716 / JCM 12966 / ,proteome,not_checked,false,"Delta rescued-asset-linked source outside original 2,478 universe; pending teacher decision; not merged into main lookup"
proteome:UP000007478,target_archaea,1,false,not_checked,NOT_IN_PRIOR_2478_CLOSURE,PENDING_TEACHER_DECISION,F0LJX3,391623,Thermococcus barophilus (strain DSM 11836 / MP),proteome,not_checked,false,"Delta rescued-asset-linked source outside original 2,478 universe; pending teacher decision; not merged into main lookup"
proteome:UP000007756,target_bacteria,2,false,not_checked,NOT_IN_PRIOR_2478_CLOSURE,PENDING_TEACHER_DECISION,A0A0H3DK98; A0A0H3DN66,722438,Mycoplasmoides pneumoniae (strain ATCC 15531 / DSM 23978 / CIP 103766 / NBRC 144,proteome,not_checked,false,"Delta rescued-asset-linked source outside original 2,478 universe; pending teacher decision; not merged into main lookup"
proteome:UP000010931,target_bacteria,1,false,not_checked,NOT_IN_PRIOR_2478_CLOSURE,PENDING_TEACHER_DECISION,L7F3F8,698760,Streptomyces turgidiscabies (strain Car8),proteome,not_checked,false,"Delta rescued-asset-linked source outside original 2,478 universe; pending teacher decision; not merged into main lookup"
proteome:UP000011740,target_bacteria,1,false,not_checked,NOT_IN_PRIOR_2478_CLOSURE,PENDING_TEACHER_DECISION,M3B4Q3,1223523,Streptomyces mobaraensis (strain ATCC 29032 / DSM 40847 / JCM 4168 / NBRC 13819 ,proteome,not_checked,false,"Delta rescued-asset-linked source outside original 2,478 universe; pending teacher decision; not merged into main lookup"
proteome:UP000012174,target_fungi,1,false,not_checked,NOT_IN_PRIOR_2478_CLOSURE,PENDING_TEACHER_DECISION,M7TBG7,1287681,Eutypa lata (strain UCR-EL1) (Grapevine dieback disease fungus) (Eutypa armeniac,proteome,not_checked,false,"Delta rescued-asset-linked source outside original 2,478 universe; pending teacher decision; not merged into main lookup"
proteome:UP000019322,target_bacteria,1,false,not_checked,NOT_IN_PRIOR_2478_CLOSURE,PENDING_TEACHER_DECISION,P0DV65,1150621,Sulfurospirillum multivorans (strain DM 12446 / JCM 15788 / NBRC 109480),proteome,not_checked,false,"Delta rescued-asset-linked source outside original 2,478 universe; pending teacher decision; not merged into main lookup"
proteome:UP000034112,target_fungi,1,false,not_checked,NOT_IN_PRIOR_2478_CLOSURE,PENDING_TEACHER_DECISION,A0A0F9X418,5544,Trichoderma harzianum (Hypocrea lixii),proteome,not_checked,false,"Delta rescued-asset-linked source outside original 2,478 universe; pending teacher decision; not merged into main lookup"
proteome:UP000051487,target_fungi,1,false,not_checked,NOT_IN_PRIOR_2478_CLOSURE,PENDING_TEACHER_DECISION,A0AAN4PAE6,293939,Aspergillus lentulus,proteome,not_checked,false,"Delta rescued-asset-linked source outside original 2,478 universe; pending teacher decision; not merged into main lookup"
proteome:UP000053831,target_fungi,5,false,not_checked,NOT_IN_PRIOR_2478_CLOSURE,PENDING_TEACHER_DECISION,A0A0M8N4S6; A0A0M8N8I0; A0A0M8N9Q3; A0A0M9VUI4; A0A0M9VUJ4,150374,Escovopsis weberi,proteome,not_checked,false,"Delta rescued-asset-linked source outside original 2,478 universe; pending teacher decision; not merged into main lookup"
proteome:UP000053958,target_fungi,1,false,not_checked,NOT_IN_PRIOR_2478_CLOSURE,PENDING_TEACHER_DECISION,A0A0F4YI33,1408163,Rasamsonia emersonii (strain ATCC 16479 / CBS 393.64 / IMI 116815),proteome,not_checked,false,"Delta rescued-asset-linked source outside original 2,478 universe; pending teacher decision; not merged into main lookup"
proteome:UP000054383,target_fungi,1,false,not_checked,NOT_IN_PRIOR_2478_CLOSURE,PENDING_TEACHER_DECISION,P9WEN6,28573,Talaromyces islandicus (Penicillium islandicum),proteome,not_checked,false,"Delta rescued-asset-linked source outside original 2,478 universe; pending teacher decision; not merged into main lookup"
proteome:UP000058660,target_bacteria,2,false,not_checked,NOT_IN_PRIOR_2478_CLOSURE,PENDING_TEACHER_DECISION,P0DV56; P0DV57,498848,Thermus aquaticus (strain ATCC BAA-2747 / Y51MC23),proteome,not_checked,false,"Delta rescued-asset-linked source outside original 2,478 universe; pending teacher decision; not merged into main lookup"
proteome:UP000072389,target_bacteria,1,false,not_checked,NOT_IN_PRIOR_2478_CLOSURE,PENDING_TEACHER_DECISION,A0A1E3M8P2,470,Acinetobacter baumannii,proteome,not_checked,false,"Delta rescued-asset-linked source outside original 2,478 universe; pending teacher decision; not merged into main lookup"
proteome:UP000077428,target_archaea,1,false,not_checked,NOT_IN_PRIOR_2478_CLOSURE,PENDING_TEACHER_DECISION,A0A166ACJ5,66851,Methanobrevibacter oralis,proteome,not_checked,false,"Delta rescued-asset-linked source outside original 2,478 universe; pending teacher decision; not merged into main lookup"
proteome:UP000078559,target_fungi,2,false,not_checked,NOT_IN_PRIOR_2478_CLOSURE,PENDING_TEACHER_DECISION,A0A194VNL2; A0A194W185,578113,Cytospora mali (Apple Valsa canker fungus) (Valsa mali),proteome,not_checked,false,"Delta rescued-asset-linked source outside original 2,478 universe; pending teacher decision; not merged into main lookup"
proteome:UP000094444,target_fungi,1,false,not_checked,NOT_IN_PRIOR_2478_CLOSURE,PENDING_TEACHER_DECISION,A0A2P5I554,158607,Diaporthe helianthi,proteome,not_checked,false,"Delta rescued-asset-linked source outside original 2,478 universe; pending teacher decision; not merged into main lookup"
proteome:UP000177622,target_fungi,1,false,not_checked,NOT_IN_PRIOR_2478_CLOSURE,PENDING_TEACHER_DECISION,A0A1F5L592,1835702,Penicillium arizonense,proteome,not_checked,false,"Delta rescued-asset-linked source outside original 2,478 universe; pending teacher decision; not merged into main lookup"
proteome:UP000177798,target_fungi,1,false,not_checked,NOT_IN_PRIOR_2478_CLOSURE,PENDING_TEACHER_DECISION,A0A1D9QMS2,665079,Sclerotinia sclerotiorum (strain ATCC 18683 / 1980 / Ss-1) (White mold) (Whetzel,proteome,not_checked,false,"Delta rescued-asset-linked source outside original 2,478 universe; pending teacher decision; not merged into main lookup"
proteome:UP000179797,target_bacteria,1,false,not_checked,NOT_IN_PRIOR_2478_CLOSURE,PENDING_TEACHER_DECISION,A0A1S1YUU1,915059,Flammeovirga pacifica,proteome,not_checked,false,"Delta rescued-asset-linked source outside original 2,478 universe; pending teacher decision; not merged into main lookup"
proteome:UP000192391,target_bacteria,3,false,not_checked,NOT_IN_PRIOR_2478_CLOSURE,PENDING_TEACHER_DECISION,P0DX06; P0DX08; P0DX09,1736,Eubacterium limosum,proteome,not_checked,false,"Delta rescued-asset-linked source outside original 2,478 universe; pending teacher decision; not merged into main lookup"
proteome:UP000196240,target_bacteria,1,false,not_checked,NOT_IN_PRIOR_2478_CLOSURE,PENDING_TEACHER_DECISION,Q9R2F4,40214,Acinetobacter johnsonii,proteome,not_checked,false,"Delta rescued-asset-linked source outside original 2,478 universe; pending teacher decision; not merged into main lookup"
proteome:UP000199700,target_bacteria,1,false,not_checked,NOT_IN_PRIOR_2478_CLOSURE,PENDING_TEACHER_DECISION,A0A1H1YBL2,629680,Brevibacterium sandarakinum,proteome,not_checked,false,"Delta rescued-asset-linked source outside original 2,478 universe; pending teacher decision; not merged into main lookup"
proteome:UP000214365,target_fungi,1,false,not_checked,NOT_IN_PRIOR_2478_CLOSURE,PENDING_TEACHER_DECISION,A0A1Q5Q699,1441469,Talaromyces atroroseus,proteome,not_checked,false,"Delta rescued-asset-linked source outside original 2,478 universe; pending teacher decision; not merged into main lookup"
proteome:UP000225433,target_bacteria,2,false,not_checked,NOT_IN_PRIOR_2478_CLOSURE,PENDING_TEACHER_DECISION,A0A2G0QDN4; A0A2G0QDP0,351679,Xenorhabdus hominickii,proteome,not_checked,false,"Delta rescued-asset-linked source outside original 2,478 universe; pending teacher decision; not merged into main lookup"
proteome:UP000234254,target_fungi,5,false,not_checked,NOT_IN_PRIOR_2478_CLOSURE,PENDING_TEACHER_DECISION,A0A2I1CSG1; A0A2I1CSG7; A0A2I1CSH5; A0A2I1CSH6; A0A2I1CSH9,1392248,Aspergillus campestris (strain IBT 28561),proteome,not_checked,false,"Delta rescued-asset-linked source outside original 2,478 universe; pending teacher decision; not merged into main lookup"
proteome:UP000237718,target_bacteria,1,false,not_checked,NOT_IN_PRIOR_2478_CLOSURE,PENDING_TEACHER_DECISION,A0A2T1AE85,483013,Tritonibacter scottomollicae (Epibacterium scottomollicae),proteome,not_checked,false,"Delta rescued-asset-linked source outside original 2,478 universe; pending teacher decision; not merged into main lookup"
proteome:UP000249619,target_fungi,1,false,not_checked,NOT_IN_PRIOR_2478_CLOSURE,PENDING_TEACHER_DECISION,A0A364MYA3,183478,Stemphylium lycopersici (Tomato gray leaf spot disease fungus) (Thyrospora lycop,proteome,not_checked,false,"Delta rescued-asset-linked source outside original 2,478 universe; pending teacher decision; not merged into main lookup"
proteome:UP000269793,target_fungi,1,false,not_checked,NOT_IN_PRIOR_2478_CLOSURE,PENDING_TEACHER_DECISION,P9WEM6,425264,Malassezia restricta (strain ATCC 96810 / NBRC 103918 / CBS 7877) (Seborrheic de,proteome,not_checked,false,"Delta rescued-asset-linked source outside original 2,478 universe; pending teacher decision; not merged into main lookup"
proteome:UP000280188,target_bacteria,1,false,not_checked,NOT_IN_PRIOR_2478_CLOSURE,PENDING_TEACHER_DECISION,O50224,1232575,Acidithiobacillus ferridurans,proteome,not_checked,false,"Delta rescued-asset-linked source outside original 2,478 universe; pending teacher decision; not merged into main lookup"
proteome:UP000283090,target_fungi,1,false,not_checked,NOT_IN_PRIOR_2478_CLOSURE,PENDING_TEACHER_DECISION,A0A437A6S9,97331,Arthrobotrys flagrans (Nematode-trapping fungus) (Trichothecium flagrans),proteome,not_checked,false,"Delta rescued-asset-linked source outside original 2,478 universe; pending teacher decision; not merged into main lookup"
proteome:UP000284375,target_fungi,3,false,not_checked,NOT_IN_PRIOR_2478_CLOSURE,PENDING_TEACHER_DECISION,A0A423V942; A0A423VZH2; A0A423WA64,252740,Cytospora chrysosperma (Cytospora canker fungus) (Sphaeria chrysosperma),proteome,not_checked,false,"Delta rescued-asset-linked source outside original 2,478 universe; pending teacher decision; not merged into main lookup"
proteome:UP000287296,target_bacteria,2,false,not_checked,NOT_IN_PRIOR_2478_CLOSURE,PENDING_TEACHER_DECISION,A0A429XC68; A0A429XDI3,1914933,Siminovitchia terrae (Bacillus terrae),proteome,not_checked,false,"Delta rescued-asset-linked source outside original 2,478 universe; pending teacher decision; not merged into main lookup"
proteome:UP000287701,target_bacteria,1,false,not_checked,NOT_IN_PRIOR_2478_CLOSURE,PENDING_TEACHER_DECISION,A0A3R5XUE6,28251,Ornithobacterium rhinotracheale,proteome,not_checked,false,"Delta rescued-asset-linked source outside original 2,478 universe; pending teacher decision; not merged into main lookup"
proteome:UP000294847,target_fungi,2,false,not_checked,NOT_IN_PRIOR_2478_CLOSURE,PENDING_TEACHER_DECISION,F8U969; F8U970,318829,Pyricularia oryzae (Rice blast fungus) (Magnaporthe oryzae),proteome,not_checked,false,"Delta rescued-asset-linked source outside original 2,478 universe; pending teacher decision; not merged into main lookup"
proteome:UP000320707,target_fungi,1,false,not_checked,NOT_IN_PRIOR_2478_CLOSURE,PENDING_TEACHER_DECISION,A0A559KX76,61366,Fusarium oxysporum f. sp. cubense,proteome,not_checked,false,"Delta rescued-asset-linked source outside original 2,478 universe; pending teacher decision; not merged into main lookup"
proteome:UP000321555,target_bacteria,1,false,not_checked,NOT_IN_PRIOR_2478_CLOSURE,PENDING_TEACHER_DECISION,A0A5B8Z1N3,1742359,Cytobacillus dafuensis (Bacillus dafuensis),proteome,not_checked,false,"Delta rescued-asset-linked source outside original 2,478 universe; pending teacher decision; not merged into main lookup"
proteome:UP000324646,target_bacteria,1,false,not_checked,NOT_IN_PRIOR_2478_CLOSURE,PENDING_TEACHER_DECISION,A0A5C0SBK3,2599308,Crassaminicella thermophila,proteome,not_checked,false,"Delta rescued-asset-linked source outside original 2,478 universe; pending teacher decision; not merged into main lookup"
proteome:UP000325780,target_fungi,4,false,not_checked,NOT_IN_PRIOR_2478_CLOSURE,PENDING_TEACHER_DECISION,A0A5N6TQK6; A0A5N6TQL1; A0A5N6TQN5; A0A5N6TR74,36643,Aspergillus avenaceus,proteome,not_checked,false,"Delta rescued-asset-linked source outside original 2,478 universe; pending teacher decision; not merged into main lookup"
proteome:UP000501982,target_bacteria,1,false,not_checked,NOT_IN_PRIOR_2478_CLOSURE,PENDING_TEACHER_DECISION,A0A7L5EB83,823,Parabacteroides distasonis,proteome,not_checked,false,"Delta rescued-asset-linked source outside original 2,478 universe; pending teacher decision; not merged into main lookup"
proteome:UP000593892,target_bacteria,1,false,not_checked,NOT_IN_PRIOR_2478_CLOSURE,PENDING_TEACHER_DECISION,A0A7S7NT01,1473598,Paludibaculum fermentans,proteome,not_checked,false,"Delta rescued-asset-linked source outside original 2,478 universe; pending teacher decision; not merged into main lookup"
proteome:UP000613401,target_fungi,1,false,not_checked,NOT_IN_PRIOR_2478_CLOSURE,PENDING_TEACHER_DECISION,A0A8H4CUY8,474922,Colletotrichum gloeosporioides (Anthracnose fungus) (Glomerella cingulata),proteome,not_checked,false,"Delta rescued-asset-linked source outside original 2,478 universe; pending teacher decision; not merged into main lookup"
proteome:UP000800092,target_fungi,2,false,not_checked,NOT_IN_PRIOR_2478_CLOSURE,PENDING_TEACHER_DECISION,A0A6A6H2E0; A0A6A6H402,1048519,Viridothelium virens (Speckled blister lichen) (Trypethelium virens),proteome,not_checked,false,"Delta rescued-asset-linked source outside original 2,478 universe; pending teacher decision; not merged into main lookup"
proteome:UP000803844,target_fungi,1,false,not_checked,NOT_IN_PRIOR_2478_CLOSURE,PENDING_TEACHER_DECISION,A0A9P5CQV5,660469,Cryphonectria parasitica (strain ATCC 38755 / EP155),proteome,not_checked,false,"Delta rescued-asset-linked source outside original 2,478 universe; pending teacher decision; not merged into main lookup"
proteome:UP000825438,target_fungi,1,false,not_checked,NOT_IN_PRIOR_2478_CLOSURE,PENDING_TEACHER_DECISION,A0AB36VXQ9,498019,Candidozyma auris (Yeast) (Candida auris),proteome,not_checked,false,"Delta rescued-asset-linked source outside original 2,478 universe; pending teacher decision; not merged into main lookup"
proteome:UP001179946,target_bacteria,1,false,not_checked,NOT_IN_PRIOR_2478_CLOSURE,PENDING_TEACHER_DECISION,A0A1C3NEV1,562,Escherichia coli,proteome,not_checked,false,"Delta rescued-asset-linked source outside original 2,478 universe; pending teacher decision; not merged into main lookup"
proteome:UP001221413,target_fungi,7,false,not_checked,NOT_IN_PRIOR_2478_CLOSURE,PENDING_TEACHER_DECISION,A0AAD6ITA8; A0AAD6IZ24; A0AAD6J5K1; A0AAD6J5T3; A0AAD6NF83,74499,Drechslerella dactyloides (Nematode-trapping fungus) (Arthrobotrys dactyloides),proteome,not_checked,false,"Delta rescued-asset-linked source outside original 2,478 universe; pending teacher decision; not merged into main lookup"
proteome:UP001253851,target_bacteria,1,false,not_checked,NOT_IN_PRIOR_2478_CLOSURE,PENDING_TEACHER_DECISION,Q47720,37734,Enterococcus casseliflavus (Enterococcus flavescens),proteome,not_checked,false,"Delta rescued-asset-linked source outside original 2,478 universe; pending teacher decision; not merged into main lookup"
proteome:UP001265746,target_fungi,1,false,not_checked,NOT_IN_PRIOR_2478_CLOSURE,PENDING_TEACHER_DECISION,W6JPP9,1214568,Phomopsis amygdali (Fusicoccum amygdali),proteome,not_checked,false,"Delta rescued-asset-linked source outside original 2,478 universe; pending teacher decision; not merged into main lookup"
proteome:UP001305002,target_bacteria,3,false,not_checked,NOT_IN_PRIOR_2478_CLOSURE,PENDING_TEACHER_DECISION,P0DXG8; P0DXU5; P0DXU7,116188,Streptomyces coeruleorubidus,proteome,not_checked,false,"Delta rescued-asset-linked source outside original 2,478 universe; pending teacher decision; not merged into main lookup"
proteome:UP001319861,target_bacteria,4,false,not_checked,NOT_IN_PRIOR_2478_CLOSURE,PENDING_TEACHER_DECISION,P0DXE0; P0DXE1; P0DXE2; P0DXE3,322009,Sinomonas cyclohexanicum (Corynebacterium cyclohexanicum),proteome,not_checked,false,"Delta rescued-asset-linked source outside original 2,478 universe; pending teacher decision; not merged into main lookup"
taxon:1120948|organism:actinomycetospora chiangmaiensis (strain dsm 45062 / jcm 15998 / cctcc aa 205017 / nbrc 104400 / yim 0006),target_bacteria,1,false,not_checked,NOT_IN_PRIOR_2478_CLOSURE,PENDING_TEACHER_DECISION,P0DUV9,1120948,Actinomycetospora chiangmaiensis (strain DSM 45062 / JCM 15998 / CCTCC AA 205017,taxon_organism,not_checked,false,"Delta rescued-asset-linked source outside original 2,478 universe; pending teacher decision; not merged into main lookup"
taxon:112175|organism:humicola fuscoatra (tomato root rot fungus),target_fungi,3,false,not_checked,NOT_IN_PRIOR_2478_CLOSURE,PENDING_TEACHER_DECISION,P9WEG8; P9WEG9; P9WEH0,112175,Humicola fuscoatra (Tomato root rot fungus),taxon_organism,not_checked,false,"Delta rescued-asset-linked source outside original 2,478 universe; pending teacher decision; not merged into main lookup"
taxon:1122179|organism:lewinella persica (strain atcc 23167 / dsm 23188 / nbrc 102663 / ncimb 1396 / t-3) (herpetosiphon persicus),target_bacteria,1,false,not_checked,NOT_IN_PRIOR_2478_CLOSURE,PENDING_TEACHER_DECISION,P0DW52,1122179,Lewinella persica (strain ATCC 23167 / DSM 23188 / NBRC 102663 / NCIMB 1396 / T-,taxon_organism,not_checked,false,"Delta rescued-asset-linked source outside original 2,478 universe; pending teacher decision; not merged into main lookup"
taxon:1123033|organism:psychrobacter lutiphocae (strain dsm 21542 / ccug 56590 / immib l-1110),target_bacteria,1,false,not_checked,NOT_IN_PRIOR_2478_CLOSURE,PENDING_TEACHER_DECISION,P0DW49,1123033,Psychrobacter lutiphocae (strain DSM 21542 / CCUG 56590 / IMMIB L-1110),taxon_organism,not_checked,false,"Delta rescued-asset-linked source outside original 2,478 universe; pending teacher decision; not merged into main lookup"
taxon:1134445|organism:streptomyces somaliensis (strain atcc 33201 / dsm 40738 / jcm 12659 / kctc 9044 / nctc 11332 / nrrl b-12077 / ip 733),target_bacteria,1,false,not_checked,NOT_IN_PRIOR_2478_CLOSURE,PENDING_TEACHER_DECISION,P0DXD5,1134445,Streptomyces somaliensis (strain ATCC 33201 / DSM 40738 / JCM 12659 / KCTC 9044 ,taxon_organism,not_checked,false,"Delta rescued-asset-linked source outside original 2,478 universe; pending teacher decision; not merged into main lookup"
taxon:1151187|organism:enterococcus faecalis (strain engen0062 / b16457),target_bacteria,1,false,not_checked,NOT_IN_PRIOR_2478_CLOSURE,PENDING_TEACHER_DECISION,P0DX98,1151187,Enterococcus faecalis (strain EnGen0062 / B16457),taxon_organism,not_checked,false,"Delta rescued-asset-linked source outside original 2,478 universe; pending teacher decision; not merged into main lookup"
taxon:1151252|organism:clostridioides difficile (strain cd3),target_bacteria,1,false,not_checked,NOT_IN_PRIOR_2478_CLOSURE,PENDING_TEACHER_DECISION,P0DXD0,1151252,Clostridioides difficile (strain CD3),taxon_organism,not_checked,false,"Delta rescued-asset-linked source outside original 2,478 universe; pending teacher decision; not merged into main lookup"
taxon:1151743|organism:burkholderia sp. (strain hme13),target_bacteria,1,false,not_checked,NOT_IN_PRIOR_2478_CLOSURE,PENDING_TEACHER_DECISION,K4PZA7,1151743,Burkholderia sp. (strain HME13),taxon_organism,not_checked,false,"Delta rescued-asset-linked source outside original 2,478 universe; pending teacher decision; not merged into main lookup"
taxon:118127|organism:chryseobacterium proteolyticum,target_bacteria,1,false,not_checked,NOT_IN_PRIOR_2478_CLOSURE,PENDING_TEACHER_DECISION,Q9AQQ8,118127,Chryseobacterium proteolyticum,taxon_organism,not_checked,false,"Delta rescued-asset-linked source outside original 2,478 universe; pending teacher decision; not merged into main lookup"
taxon:1181734|organism:escherichia coli (strain kte188),target_bacteria,1,false,not_checked,NOT_IN_PRIOR_2478_CLOSURE,PENDING_TEACHER_DECISION,P0DX71,1181734,Escherichia coli (strain KTE188),taxon_organism,not_checked,false,"Delta rescued-asset-linked source outside original 2,478 universe; pending teacher decision; not merged into main lookup"
taxon:1232713|organism:xanthomonas citri pv. viticola (strain lmg 965 / ncppb 2475 / icmp 3867 / cfbp 7660) (xanthomonas campestris pv. viticola),target_bacteria,1,false,not_checked,NOT_IN_PRIOR_2478_CLOSURE,PENDING_TEACHER_DECISION,P0DV35,1232713,Xanthomonas citri pv. viticola (strain LMG 965 / NCPPB 2475 / ICMP 3867 / CFBP 7,taxon_organism,not_checked,false,"Delta rescued-asset-linked source outside original 2,478 universe; pending teacher decision; not merged into main lookup"
taxon:1295|organism:staphylococcus schleiferi,target_bacteria,1,false,not_checked,NOT_IN_PRIOR_2478_CLOSURE,PENDING_TEACHER_DECISION,P0DXA6,1295,Staphylococcus schleiferi,taxon_organism,not_checked,false,"Delta rescued-asset-linked source outside original 2,478 universe; pending teacher decision; not merged into main lookup"
taxon:1310692|organism:acinetobacter baumannii (strain 532279),target_bacteria,1,false,not_checked,NOT_IN_PRIOR_2478_CLOSURE,PENDING_TEACHER_DECISION,P0DW59,1310692,Acinetobacter baumannii (strain 532279),taxon_organism,not_checked,false,"Delta rescued-asset-linked source outside original 2,478 universe; pending teacher decision; not merged into main lookup"
taxon:1322345|organism:escherichia coli (strain atcc 25922 / dsm 1103 / lmg 8223 / ncimb 12210 / nctc 12241 / wdcm 00013 / seattle 1946),target_bacteria,2,false,not_checked,NOT_IN_PRIOR_2478_CLOSURE,PENDING_TEACHER_DECISION,P0DX91; P0DX92,1322345,Escherichia coli (strain ATCC 25922 / DSM 1103 / LMG 8223 / NCIMB 12210 / NCTC 1,taxon_organism,not_checked,false,"Delta rescued-asset-linked source outside original 2,478 universe; pending teacher decision; not merged into main lookup"
taxon:1353886|organism:caballeronia cordobensis (burkholderia cordobensis),target_bacteria,1,false,not_checked,NOT_IN_PRIOR_2478_CLOSURE,PENDING_TEACHER_DECISION,P0DXY1,1353886,Caballeronia cordobensis (Burkholderia cordobensis),taxon_organism,not_checked,false,"Delta rescued-asset-linked source outside original 2,478 universe; pending teacher decision; not merged into main lookup"
taxon:135835|organism:acinetobacter sp. (strain se19),target_bacteria,4,false,not_checked,NOT_IN_PRIOR_2478_CLOSURE,PENDING_TEACHER_DECISION,Q9F7D7; Q9F7D8; Q9F7E3; Q9F7E4,135835,Acinetobacter sp. (strain SE19),taxon_organism,not_checked,false,"Delta rescued-asset-linked source outside original 2,478 universe; pending teacher decision; not merged into main lookup"
taxon:138282|organism:aspergillus sclerotiorum,target_fungi,2,false,not_checked,NOT_IN_PRIOR_2478_CLOSURE,PENDING_TEACHER_DECISION,P0DXU9; P0DXV1,138282,Aspergillus sclerotiorum,taxon_organism,not_checked,false,"Delta rescued-asset-linked source outside original 2,478 universe; pending teacher decision; not merged into main lookup"
taxon:139061|organism:ascocoryne sarcoides (purple jellydisc fungus) (bulgaria sarcoides),target_fungi,1,false,not_checked,NOT_IN_PRIOR_2478_CLOSURE,PENDING_TEACHER_DECISION,P9WES3,139061,Ascocoryne sarcoides (Purple jellydisc fungus) (Bulgaria sarcoides),taxon_organism,not_checked,false,"Delta rescued-asset-linked source outside original 2,478 universe; pending teacher decision; not merged into main lookup"
taxon:1391|organism:aneurinibacillus aneurinilyticus (bacillus aneurinolyticus),target_bacteria,1,false,not_checked,NOT_IN_PRIOR_2478_CLOSURE,PENDING_TEACHER_DECISION,P22772,1391,Aneurinibacillus aneurinilyticus (Bacillus aneurinolyticus),taxon_organism,not_checked,false,"Delta rescued-asset-linked source outside original 2,478 universe; pending teacher decision; not merged into main lookup"
taxon:1402511|organism:pseudomonas aeruginosa (strain bwhpsa011 / pa011),target_bacteria,2,false,not_checked,NOT_IN_PRIOR_2478_CLOSURE,PENDING_TEACHER_DECISION,P0DX85; P0DX86,1402511,Pseudomonas aeruginosa (strain BWHPSA011 / Pa011),taxon_organism,not_checked,false,"Delta rescued-asset-linked source outside original 2,478 universe; pending teacher decision; not merged into main lookup"
taxon:1501233|organism:bacillus sp. (strain md1),target_bacteria,1,false,not_checked,NOT_IN_PRIOR_2478_CLOSURE,PENDING_TEACHER_DECISION,A0A059WI14,1501233,Bacillus sp. (strain MD1),taxon_organism,not_checked,false,"Delta rescued-asset-linked source outside original 2,478 universe; pending teacher decision; not merged into main lookup"
taxon:1507|organism:clostridium sp. (strain atcc 29733 / vpi c48-50),target_bacteria,1,false,not_checked,NOT_IN_PRIOR_2478_CLOSURE,PENDING_TEACHER_DECISION,P21215,1507,Clostridium sp. (strain ATCC 29733 / VPI C48-50),taxon_organism,not_checked,false,"Delta rescued-asset-linked source outside original 2,478 universe; pending teacher decision; not merged into main lookup"
taxon:164756|organism:mycobacterium sp. (strain mcs),target_bacteria,1,false,not_checked,NOT_IN_PRIOR_2478_CLOSURE,PENDING_TEACHER_DECISION,Q1B968,164756,Mycobacterium sp. (strain MCS),taxon_organism,not_checked,false,"Delta rescued-asset-linked source outside original 2,478 universe; pending teacher decision; not merged into main lookup"
taxon:164757|organism:mycobacterium sp. (strain jls),target_bacteria,1,false,not_checked,NOT_IN_PRIOR_2478_CLOSURE,PENDING_TEACHER_DECISION,A3PZF2,164757,Mycobacterium sp. (strain JLS),taxon_organism,not_checked,false,"Delta rescued-asset-linked source outside original 2,478 universe; pending teacher decision; not merged into main lookup"
taxon:1747|organism:cutibacterium acnes (propionibacterium acnes),target_bacteria,1,false,not_checked,NOT_IN_PRIOR_2478_CLOSURE,PENDING_TEACHER_DECISION,P0DW99,1747,Cutibacterium acnes (Propionibacterium acnes),taxon_organism,not_checked,false,"Delta rescued-asset-linked source outside original 2,478 universe; pending teacher decision; not merged into main lookup"
taxon:186497|organism:pyrococcus furiosus (strain atcc 43587 / dsm 3638 / jcm 8422 / vc1),target_archaea,1,false,not_checked,NOT_IN_PRIOR_2478_CLOSURE,PENDING_TEACHER_DECISION,E7FHH1,186497,Pyrococcus furiosus (strain ATCC 43587 / DSM 3638 / JCM 8422 / Vc1),taxon_organism,not_checked,false,"Delta rescued-asset-linked source outside original 2,478 universe; pending teacher decision; not merged into main lookup"
taxon:1889|organism:streptomyces ambofaciens,target_bacteria,1,false,not_checked,NOT_IN_PRIOR_2478_CLOSURE,PENDING_TEACHER_DECISION,P42709,1889,Streptomyces ambofaciens,taxon_organism,not_checked,false,"Delta rescued-asset-linked source outside original 2,478 universe; pending teacher decision; not merged into main lookup"
taxon:1893|organism:streptomyces atratus,target_bacteria,1,false,not_checked,NOT_IN_PRIOR_2478_CLOSURE,PENDING_TEACHER_DECISION,A0A224AU14,1893,Streptomyces atratus,taxon_organism,not_checked,false,"Delta rescued-asset-linked source outside original 2,478 universe; pending teacher decision; not merged into main lookup"
taxon:189918|organism:mycobacterium sp. (strain kms),target_bacteria,1,false,not_checked,NOT_IN_PRIOR_2478_CLOSURE,PENDING_TEACHER_DECISION,A1UFU2,189918,Mycobacterium sp. (strain KMS),taxon_organism,not_checked,false,"Delta rescued-asset-linked source outside original 2,478 universe; pending teacher decision; not merged into main lookup"
taxon:190386|organism:agrobacterium tumefaciens (strain 15955),target_bacteria,2,false,not_checked,NOT_IN_PRIOR_2478_CLOSURE,PENDING_TEACHER_DECISION,P0A3F9; P0A3W1,190386,Agrobacterium tumefaciens (strain 15955),taxon_organism,not_checked,false,"Delta rescued-asset-linked source outside original 2,478 universe; pending teacher decision; not merged into main lookup"
taxon:1914933|organism:siminovitchia terrae (bacillus terrae),target_bacteria,1,false,not_checked,NOT_IN_PRIOR_2478_CLOSURE,PENDING_TEACHER_DECISION,A0A429XCI2,1914933,Siminovitchia terrae (Bacillus terrae),taxon_organism,not_checked,false,"Delta rescued-asset-linked source outside original 2,478 universe; pending teacher decision; not merged into main lookup"
taxon:198107|organism:aromatoleum sp. (strain cib) (azoarcus sp. (strain cib)),target_bacteria,1,false,not_checked,NOT_IN_PRIOR_2478_CLOSURE,PENDING_TEACHER_DECISION,P0DXG4,198107,Aromatoleum sp. (strain CIB) (Azoarcus sp. (strain CIB)),taxon_organism,not_checked,false,"Delta rescued-asset-linked source outside original 2,478 universe; pending teacher decision; not merged into main lookup"
taxon:2040732|organism:cladobotryum sp,target_fungi,10,false,not_checked,NOT_IN_PRIOR_2478_CLOSURE,PENDING_TEACHER_DECISION,A0A7T8F1I4; A0A7T8F1J6; A0A7T8F1J7; A0A7T8F1L1; A0A7T8F1L3,2040732,Cladobotryum sp,taxon_organism,not_checked,false,"Delta rescued-asset-linked source outside original 2,478 universe; pending teacher decision; not merged into main lookup"
taxon:208962|organism:escherichia albertii,target_bacteria,1,false,not_checked,NOT_IN_PRIOR_2478_CLOSURE,PENDING_TEACHER_DECISION,P0DXA3,208962,Escherichia albertii,taxon_organism,not_checked,false,"Delta rescued-asset-linked source outside original 2,478 universe; pending teacher decision; not merged into main lookup"
taxon:2545762|organism:caulobacter sp. (strain rhg1),target_bacteria,1,false,not_checked,NOT_IN_PRIOR_2478_CLOSURE,PENDING_TEACHER_DECISION,P0DTK9,2545762,Caulobacter sp. (strain RHG1),taxon_organism,not_checked,false,"Delta rescued-asset-linked source outside original 2,478 universe; pending teacher decision; not merged into main lookup"
taxon:255776|organism:apiospora montagnei (sphaeria apiospora),target_fungi,1,false,not_checked,NOT_IN_PRIOR_2478_CLOSURE,PENDING_TEACHER_DECISION,P9WEK1,255776,Apiospora montagnei (Sphaeria apiospora),taxon_organism,not_checked,false,"Delta rescued-asset-linked source outside original 2,478 universe; pending teacher decision; not merged into main lookup"
taxon:263819|organism:yersinia aleksiciae,target_bacteria,1,false,not_checked,NOT_IN_PRIOR_2478_CLOSURE,PENDING_TEACHER_DECISION,P0DXA5,263819,Yersinia aleksiciae,taxon_organism,not_checked,false,"Delta rescued-asset-linked source outside original 2,478 universe; pending teacher decision; not merged into main lookup"
taxon:264198|organism:cupriavidus pinatubonensis (strain jmp 134 / lmg 1197) (cupriavidus necator (strain jmp 134)),target_bacteria,1,false,not_checked,NOT_IN_PRIOR_2478_CLOSURE,PENDING_TEACHER_DECISION,O51799,264198,Cupriavidus pinatubonensis (strain JMP 134 / LMG 1197) (Cupriavidus necator (str,taxon_organism,not_checked,false,"Delta rescued-asset-linked source outside original 2,478 universe; pending teacher decision; not merged into main lookup"
taxon:269797|organism:methanosarcina barkeri (strain fusaro / dsm 804),target_archaea,3,false,not_checked,NOT_IN_PRIOR_2478_CLOSURE,PENDING_TEACHER_DECISION,P61816; Q465Z7; Q46CH5,269797,Methanosarcina barkeri (strain Fusaro / DSM 804),taxon_organism,not_checked,false,"Delta rescued-asset-linked source outside original 2,478 universe; pending teacher decision; not merged into main lookup"
taxon:273384|organism:brevibacterium aurantiacum,target_bacteria,1,false,not_checked,NOT_IN_PRIOR_2478_CLOSURE,PENDING_TEACHER_DECISION,A0A2H1K3G9,273384,Brevibacterium aurantiacum,taxon_organism,not_checked,false,"Delta rescued-asset-linked source outside original 2,478 universe; pending teacher decision; not merged into main lookup"
taxon:2840457|organism:nocardioides sp. (strain lms-cy),target_bacteria,2,false,not_checked,NOT_IN_PRIOR_2478_CLOSURE,PENDING_TEACHER_DECISION,P0DXG6; P0DXG7,2840457,Nocardioides sp. (strain LMS-CY),taxon_organism,not_checked,false,"Delta rescued-asset-linked source outside original 2,478 universe; pending teacher decision; not merged into main lookup"
taxon:2842348|organism:pseudomonas canavaninivorans,target_bacteria,5,false,not_checked,NOT_IN_PRIOR_2478_CLOSURE,PENDING_TEACHER_DECISION,P0DXC4; P0DXC5; P0DXC6; P0DXC7; P0DXC8,2842348,Pseudomonas canavaninivorans,taxon_organism,not_checked,false,"Delta rescued-asset-linked source outside original 2,478 universe; pending teacher decision; not merged into main lookup"
taxon:28565|organism:talaromyces thermophilus,target_fungi,1,false,not_checked,NOT_IN_PRIOR_2478_CLOSURE,PENDING_TEACHER_DECISION,C0HMB0,28565,Talaromyces thermophilus,taxon_organism,not_checked,false,"Delta rescued-asset-linked source outside original 2,478 universe; pending teacher decision; not merged into main lookup"
taxon:293387|organism:bacillus altitudinis,target_bacteria,1,false,not_checked,NOT_IN_PRIOR_2478_CLOSURE,PENDING_TEACHER_DECISION,A0A8F4N283,293387,Bacillus altitudinis,taxon_organism,not_checked,false,"Delta rescued-asset-linked source outside original 2,478 universe; pending teacher decision; not merged into main lookup"
taxon:29455|organism:deinonema sp,target_bacteria,1,false,not_checked,NOT_IN_PRIOR_2478_CLOSURE,PENDING_TEACHER_DECISION,P33168,29455,Deinonema sp,taxon_organism,not_checked,false,"Delta rescued-asset-linked source outside original 2,478 universe; pending teacher decision; not merged into main lookup"
taxon:306543|organism:paenibacillus harenae,target_bacteria,1,false,not_checked,NOT_IN_PRIOR_2478_CLOSURE,PENDING_TEACHER_DECISION,P0DTL2,306543,Paenibacillus harenae,taxon_organism,not_checked,false,"Delta rescued-asset-linked source outside original 2,478 universe; pending teacher decision; not merged into main lookup"
taxon:327061|organism:annulohypoxylon truncatum (hypoxylon truncatum),target_fungi,1,false,not_checked,NOT_IN_PRIOR_2478_CLOSURE,PENDING_TEACHER_DECISION,P9WER0,327061,Annulohypoxylon truncatum (Hypoxylon truncatum),taxon_organism,not_checked,false,"Delta rescued-asset-linked source outside original 2,478 universe; pending teacher decision; not merged into main lookup"
taxon:342955|organism:lacinutrix mariniflava,target_bacteria,1,false,not_checked,NOT_IN_PRIOR_2478_CLOSURE,PENDING_TEACHER_DECISION,P0DW53,342955,Lacinutrix mariniflava,taxon_organism,not_checked,false,"Delta rescued-asset-linked source outside original 2,478 universe; pending teacher decision; not merged into main lookup"
taxon:344747|organism:gimesia maris (strain atcc 29201 / dsm 8797 / 534-30) (planctomyces maris),target_bacteria,2,false,not_checked,NOT_IN_PRIOR_2478_CLOSURE,PENDING_TEACHER_DECISION,P0DX11; P0DX12,344747,Gimesia maris (strain ATCC 29201 / DSM 8797 / 534-30) (Planctomyces maris),taxon_organism,not_checked,false,"Delta rescued-asset-linked source outside original 2,478 universe; pending teacher decision; not merged into main lookup"
taxon:350054|organism:mycolicibacterium gilvum (strain pyr-gck) (mycobacterium gilvum (strain pyr-gck)),target_bacteria,1,false,not_checked,NOT_IN_PRIOR_2478_CLOSURE,PENDING_TEACHER_DECISION,A4T9I1,350054,Mycolicibacterium gilvum (strain PYR-GCK) (Mycobacterium gilvum (strain PYR-GCK),taxon_organism,not_checked,false,"Delta rescued-asset-linked source outside original 2,478 universe; pending teacher decision; not merged into main lookup"
taxon:350623|organism:stereocaulon alpinum (alpine snow lichen) (stereocaulon paschale var. alpinum),target_fungi,2,false,not_checked,NOT_IN_PRIOR_2478_CLOSURE,PENDING_TEACHER_DECISION,A0A8F4PN06; A0A8F4SN83,350623,Stereocaulon alpinum (Alpine snow lichen) (Stereocaulon paschale var. alpinum),taxon_organism,not_checked,false,"Delta rescued-asset-linked source outside original 2,478 universe; pending teacher decision; not merged into main lookup"
taxon:359787|organism:staphylococcus aureus (strain jh1),target_bacteria,2,false,not_checked,NOT_IN_PRIOR_2478_CLOSURE,PENDING_TEACHER_DECISION,A6U025; A6U413,359787,Staphylococcus aureus (strain JH1),taxon_organism,not_checked,false,"Delta rescued-asset-linked source outside original 2,478 universe; pending teacher decision; not merged into main lookup"
taxon:395598|organism:pseudomonas reinekei,target_bacteria,1,false,not_checked,NOT_IN_PRIOR_2478_CLOSURE,PENDING_TEACHER_DECISION,C5MR76,395598,Pseudomonas reinekei,taxon_organism,not_checked,false,"Delta rescued-asset-linked source outside original 2,478 universe; pending teacher decision; not merged into main lookup"
taxon:395961|organism:cyanothece sp. (strain pcc 7425 / atcc 29141),target_bacteria,1,false,not_checked,NOT_IN_PRIOR_2478_CLOSURE,PENDING_TEACHER_DECISION,B8HU22,395961,Cyanothece sp. (strain PCC 7425 / ATCC 29141),taxon_organism,not_checked,false,"Delta rescued-asset-linked source outside original 2,478 universe; pending teacher decision; not merged into main lookup"
taxon:397457|organism:gulbenkiania mobilis,target_bacteria,1,false,not_checked,NOT_IN_PRIOR_2478_CLOSURE,PENDING_TEACHER_DECISION,P0DV42,397457,Gulbenkiania mobilis,taxon_organism,not_checked,false,"Delta rescued-asset-linked source outside original 2,478 universe; pending teacher decision; not merged into main lookup"
taxon:399741|organism:serratia proteamaculans (strain 568),target_bacteria,2,false,not_checked,NOT_IN_PRIOR_2478_CLOSURE,PENDING_TEACHER_DECISION,A8G8E0; A8GKK1,399741,Serratia proteamaculans (strain 568),taxon_organism,not_checked,false,"Delta rescued-asset-linked source outside original 2,478 universe; pending teacher decision; not merged into main lookup"
taxon:40296|organism:penicillium italicum (blue mold),target_fungi,1,false,not_checked,NOT_IN_PRIOR_2478_CLOSURE,PENDING_TEACHER_DECISION,Q12664,40296,Penicillium italicum (Blue mold),taxon_organism,not_checked,false,"Delta rescued-asset-linked source outside original 2,478 universe; pending teacher decision; not merged into main lookup"
taxon:41061|organism:aspergillus nomiae (aspergillus nomius),target_fungi,1,false,not_checked,NOT_IN_PRIOR_2478_CLOSURE,PENDING_TEACHER_DECISION,P9WEK0,41061,Aspergillus nomiae (Aspergillus nomius),taxon_organism,not_checked,false,"Delta rescued-asset-linked source outside original 2,478 universe; pending teacher decision; not merged into main lookup"
taxon:41900|organism:aspergillus flavipes,target_fungi,1,false,not_checked,NOT_IN_PRIOR_2478_CLOSURE,PENDING_TEACHER_DECISION,A0A8K1AY78,41900,Aspergillus flavipes,taxon_organism,not_checked,false,"Delta rescued-asset-linked source outside original 2,478 universe; pending teacher decision; not merged into main lookup"
taxon:426368|organism:methanococcus maripaludis (strain c7 / atcc baa-1331),target_archaea,1,false,not_checked,NOT_IN_PRIOR_2478_CLOSURE,PENDING_TEACHER_DECISION,A6VJ23,426368,Methanococcus maripaludis (strain C7 / ATCC BAA-1331),taxon_organism,not_checked,false,"Delta rescued-asset-linked source outside original 2,478 universe; pending teacher decision; not merged into main lookup"
taxon:439184|organism:escherichia coli o18:k1:h7 (strain rs218 / nmec),target_bacteria,1,false,not_checked,NOT_IN_PRIOR_2478_CLOSURE,PENDING_TEACHER_DECISION,P0DX54,439184,Escherichia coli O18:K1:H7 (strain RS218 / NMEC),taxon_organism,not_checked,false,"Delta rescued-asset-linked source outside original 2,478 universe; pending teacher decision; not merged into main lookup"
taxon:442694|organism:xanthomonas perforans,target_bacteria,2,false,not_checked,NOT_IN_PRIOR_2478_CLOSURE,PENDING_TEACHER_DECISION,P0DV28; P0DV29,442694,Xanthomonas perforans,taxon_organism,not_checked,false,"Delta rescued-asset-linked source outside original 2,478 universe; pending teacher decision; not merged into main lookup"
taxon:444158|organism:methanococcus maripaludis (strain c6 / atcc baa-1332),target_archaea,1,false,not_checked,NOT_IN_PRIOR_2478_CLOSURE,PENDING_TEACHER_DECISION,A9A6R1,444158,Methanococcus maripaludis (strain C6 / ATCC BAA-1332),taxon_organism,not_checked,false,"Delta rescued-asset-linked source outside original 2,478 universe; pending teacher decision; not merged into main lookup"
taxon:471223|organism:geobacillus sp. (strain wch70),target_bacteria,1,false,not_checked,NOT_IN_PRIOR_2478_CLOSURE,PENDING_TEACHER_DECISION,C5D6M6,471223,Geobacillus sp. (strain WCH70),taxon_organism,not_checked,false,"Delta rescued-asset-linked source outside original 2,478 universe; pending teacher decision; not merged into main lookup"
taxon:51671|organism:microbacterium sp,target_bacteria,2,false,not_checked,NOT_IN_PRIOR_2478_CLOSURE,PENDING_TEACHER_DECISION,P0DXE4; P0DXE5,51671,Microbacterium sp,taxon_organism,not_checked,false,"Delta rescued-asset-linked source outside original 2,478 universe; pending teacher decision; not merged into main lookup"
taxon:525146|organism:desulfovibrio desulfuricans (strain atcc 27774 / dsm 6949 / mb),target_bacteria,1,false,not_checked,NOT_IN_PRIOR_2478_CLOSURE,PENDING_TEACHER_DECISION,B8J3A4,525146,Desulfovibrio desulfuricans (strain ATCC 27774 / DSM 6949 / MB),taxon_organism,not_checked,false,"Delta rescued-asset-linked source outside original 2,478 universe; pending teacher decision; not merged into main lookup"
taxon:52586|organism:uncinula necator (grape powdery mildew),target_fungi,1,false,not_checked,NOT_IN_PRIOR_2478_CLOSURE,PENDING_TEACHER_DECISION,O14442,52586,Uncinula necator (Grape powdery mildew),taxon_organism,not_checked,false,"Delta rescued-asset-linked source outside original 2,478 universe; pending teacher decision; not merged into main lookup"
taxon:53249|organism:pseudoalteromonas sp,target_bacteria,1,false,not_checked,NOT_IN_PRIOR_2478_CLOSURE,PENDING_TEACHER_DECISION,P0DXZ1,53249,Pseudoalteromonas sp,taxon_organism,not_checked,false,"Delta rescued-asset-linked source outside original 2,478 universe; pending teacher decision; not merged into main lookup"
taxon:543734|organism:lacticaseibacillus casei (strain bl23) (lactobacillus casei),target_bacteria,1,false,not_checked,NOT_IN_PRIOR_2478_CLOSURE,PENDING_TEACHER_DECISION,B3W963,543734,Lacticaseibacillus casei (strain BL23) (Lactobacillus casei),taxon_organism,not_checked,false,"Delta rescued-asset-linked source outside original 2,478 universe; pending teacher decision; not merged into main lookup"
taxon:56467|organism:ampulloclitocybe clavipes (club foot) (clitocybe clavipes),target_fungi,3,false,not_checked,NOT_IN_PRIOR_2478_CLOSURE,PENDING_TEACHER_DECISION,P9WEI5; P9WEI6; P9WEI7,56467,Ampulloclitocybe clavipes (Club foot) (Clitocybe clavipes),taxon_organism,not_checked,false,"Delta rescued-asset-linked source outside original 2,478 universe; pending teacher decision; not merged into main lookup"
taxon:578113|organism:cytospora mali (apple valsa canker fungus) (valsa mali),target_fungi,1,false,not_checked,NOT_IN_PRIOR_2478_CLOSURE,PENDING_TEACHER_DECISION,A0A194WDG1,578113,Cytospora mali (Apple Valsa canker fungus) (Valsa mali),taxon_organism,not_checked,false,"Delta rescued-asset-linked source outside original 2,478 universe; pending teacher decision; not merged into main lookup"
taxon:591153|organism:pseudomonas syringae pv. syringae (strain ff5),target_bacteria,1,false,not_checked,NOT_IN_PRIOR_2478_CLOSURE,PENDING_TEACHER_DECISION,P0DXE7,591153,Pseudomonas syringae pv. syringae (strain FF5),taxon_organism,not_checked,false,"Delta rescued-asset-linked source outside original 2,478 universe; pending teacher decision; not merged into main lookup"
taxon:63559|organism:penicillium amagasakiense,target_fungi,1,false,not_checked,NOT_IN_PRIOR_2478_CLOSURE,PENDING_TEACHER_DECISION,P81156,63559,Penicillium amagasakiense,taxon_organism,not_checked,false,"Delta rescued-asset-linked source outside original 2,478 universe; pending teacher decision; not merged into main lookup"
taxon:649831|organism:actinoplanes sp. (strain n902-109),target_bacteria,1,false,not_checked,NOT_IN_PRIOR_2478_CLOSURE,PENDING_TEACHER_DECISION,R4LHX8,649831,Actinoplanes sp. (strain N902-109),taxon_organism,not_checked,false,"Delta rescued-asset-linked source outside original 2,478 universe; pending teacher decision; not merged into main lookup"
taxon:665079|organism:sclerotinia sclerotiorum (strain atcc 18683 / 1980 / ss-1) (white mold) (whetzelinia sclerotiorum),target_fungi,1,false,not_checked,NOT_IN_PRIOR_2478_CLOSURE,PENDING_TEACHER_DECISION,A0A1D9Q0B7,665079,Sclerotinia sclerotiorum (strain ATCC 18683 / 1980 / Ss-1) (White mold) (Whetzel,taxon_organism,not_checked,false,"Delta rescued-asset-linked source outside original 2,478 universe; pending teacher decision; not merged into main lookup"
taxon:696747|organism:limnospira platensis (strain nies-39 / utex 3086 / iam m-135) (arthrospira platensis),target_bacteria,1,false,not_checked,NOT_IN_PRIOR_2478_CLOSURE,PENDING_TEACHER_DECISION,P0DXD4,696747,Limnospira platensis (strain NIES-39 / UTEX 3086 / IAM M-135) (Arthrospira plate,taxon_organism,not_checked,false,"Delta rescued-asset-linked source outside original 2,478 universe; pending teacher decision; not merged into main lookup"
taxon:766760|organism:bacillus paralicheniformis (strain atcc 9945a / ncimb 11709 / cd-2),target_bacteria,1,false,not_checked,NOT_IN_PRIOR_2478_CLOSURE,PENDING_TEACHER_DECISION,P0DW08,766760,Bacillus paralicheniformis (strain ATCC 9945a / NCIMB 11709 / CD-2),taxon_organism,not_checked,false,"Delta rescued-asset-linked source outside original 2,478 universe; pending teacher decision; not merged into main lookup"
taxon:76775|organism:malassezia restricta (seborrheic dermatitis infection agent),target_fungi,5,false,not_checked,NOT_IN_PRIOR_2478_CLOSURE,PENDING_TEACHER_DECISION,A0A8R9YVA6; A0A8R9YZM7; A0A8R9Z3C6; A0A8R9Z5V5; P9WEM7,76775,Malassezia restricta (Seborrheic dermatitis infection agent),taxon_organism,not_checked,false,"Delta rescued-asset-linked source outside original 2,478 universe; pending teacher decision; not merged into main lookup"
taxon:872331|organism:mesomycoplasma hyorhinis (strain hub-1) (mycoplasma hyorhinis),target_bacteria,1,false,not_checked,NOT_IN_PRIOR_2478_CLOSURE,PENDING_TEACHER_DECISION,P0DXB0,872331,Mesomycoplasma hyorhinis (strain HUB-1) (Mycoplasma hyorhinis),taxon_organism,not_checked,false,"Delta rescued-asset-linked source outside original 2,478 universe; pending teacher decision; not merged into main lookup"
taxon:903899|organism:acinetobacter baumannii (strain is-123),target_bacteria,1,false,not_checked,NOT_IN_PRIOR_2478_CLOSURE,PENDING_TEACHER_DECISION,A0A0J9X285,903899,Acinetobacter baumannii (strain IS-123),taxon_organism,not_checked,false,"Delta rescued-asset-linked source outside original 2,478 universe; pending teacher decision; not merged into main lookup"
taxon:904690|organism:penicillium shearii (eupenicillium shearii),target_fungi,2,false,not_checked,NOT_IN_PRIOR_2478_CLOSURE,PENDING_TEACHER_DECISION,A0A8D5M3Y5; P9WEK2,904690,Penicillium shearii (Eupenicillium shearii),taxon_organism,not_checked,false,"Delta rescued-asset-linked source outside original 2,478 universe; pending teacher decision; not merged into main lookup"
taxon:935845|organism:paenibacillus sp. (strain j14),target_bacteria,1,false,not_checked,NOT_IN_PRIOR_2478_CLOSURE,PENDING_TEACHER_DECISION,P0DTL1,935845,Paenibacillus sp. (strain J14),taxon_organism,not_checked,false,"Delta rescued-asset-linked source outside original 2,478 universe; pending teacher decision; not merged into main lookup"
taxon:96045|organism:nocardia uniformis subsp. tsuyamanensis,target_bacteria,1,false,not_checked,NOT_IN_PRIOR_2478_CLOSURE,PENDING_TEACHER_DECISION,Q5J1R4,96045,Nocardia uniformis subsp. tsuyamanensis,taxon_organism,not_checked,false,"Delta rescued-asset-linked source outside original 2,478 universe; pending teacher decision; not merged into main lookup"
taxon:96241|organism:bacillus spizizenii (bacillus subtilis subsp. spizizenii),target_bacteria,1,false,not_checked,NOT_IN_PRIOR_2478_CLOSURE,PENDING_TEACHER_DECISION,P0DV09,96241,Bacillus spizizenii (Bacillus subtilis subsp. spizizenii),taxon_organism,not_checked,false,"Delta rescued-asset-linked source outside original 2,478 universe; pending teacher decision; not merged into main lookup"
